<DiagConfigs>
    <DcmConfig>
        <DcmGeneralConfig>
            <DcmGeneralConfig: DcmTesterResponseAddr="1"/>
            <DcmGeneralConfig: DcmTesterSourcePhyAddr="1"/>
            <DcmGeneralConfig: DcmTesterSourceFuncAddr="0"/>
            <DcmGeneralConfig: DcmDslBufferSize="4095"/>
        </DcmGeneralConfig>
        <DidConfig>
            <DidConfig: Operation="3" Did="a1a1" DataLen="a"/>
            <DidConfig: Operation="3" Did="f190" DataLen="11"/>
            <DidConfig: Operation="1" Did="f193" DataLen="f"/>
            <DidConfig: Operation="1" Did="f195" DataLen="4"/>
            <DidConfig: Operation="3" Did="f1b1" DataLen="c8"/>
            <DidConfig: Operation="1" Did="f187" DataLen="d"/>
            <DidConfig: Operation="1" Did="f18a" DataLen="8"/>
            <DidConfig: Operation="1" Did="f18c" DataLen="14"/>
            <DidConfig: Operation="1" Did="f1a2" DataLen="13"/>
            <DidConfig: Operation="1" Did="f1b5" DataLen="4"/>
            <DidConfig: Operation="1" Did="f189" DataLen="f"/>
            <DidConfig: Operation="1" Did="f1c0" DataLen="f"/>
            <DidConfig: Operation="1" Did="f1c1" DataLen="f"/>
        </DidConfig>
        <RidConfig>
            <RidConfig: Operation="f" RoutineControlOptionRecord="0" RoutineType="6" Rid="202"/>
            <RidConfig: Operation="f" RoutineControlOptionRecord="0" RoutineType="6" Rid="203"/>
            <RidConfig: Operation="f" RoutineControlOptionRecord="0" RoutineType="6" Rid="ff01"/>
            <RidConfig: Operation="f" RoutineControlOptionRecord="0" RoutineType="6" Rid="f103"/>
            <RidConfig: Operation="f" RoutineControlOptionRecord="0" RoutineType="6" Rid="f104"/>
            <RidConfig: Operation="f" RoutineControlOptionRecord="1" RoutineType="6" Rid="f11e"/>
        </RidConfig>
    </DcmConfig>
    <DemConfig>
        <OpCycleConfig>
            <OpCycleConfig: Id="0" AutoStart="0" AutoStop="0" Type="0"/>
            <OpCycleConfig: Id="1" AutoStart="0" AutoStop="0" Type="0"/>
            <OpCycleConfig: Id="2" AutoStart="0" AutoStop="0" Type="0"/>
            <OpCycleConfig: Id="3" AutoStart="1" AutoStop="1" Type="0"/>
        </OpCycleConfig>
        <DebounceConfig>
            <DebounceConfig: PassedThershold="0" JumpDownValue="0" AlgoClass="1" JumpDown="0" JumpUpValue="0" IncStepSize="0" DecStepSize="0" PassedTimeThershold="100" behavior="1" FailedThershold="0" FailedTimeThershold="100" JumpUp="0"/>
            <DebounceConfig: PassedThershold="-128" JumpDownValue="0" AlgoClass="0" JumpDown="0" JumpUpValue="0" IncStepSize="1" DecStepSize="-1" PassedTimeThershold="0" behavior="1" FailedThershold="127" FailedTimeThershold="0" JumpUp="0"/>
            <DebounceConfig: PassedThershold="0" JumpDownValue="0" AlgoClass="3" JumpDown="0" JumpUpValue="0" IncStepSize="0" DecStepSize="0" PassedTimeThershold="0" behavior="1" FailedThershold="0" FailedTimeThershold="0" JumpUp="0"/>
        </DebounceConfig>
        <DTCConfig>
            <DTCConfig: Id="0" EnableConditionRef="0" AgingThershold="255" DemCallbackInitMForE="((void *) 0)" EventKind="0" DTCTableRef="0" Value="ffffff" DebounceTableRef="255" OpCycleRef="4" AttrbsRef="0" AgingAllowed="0" AvailableStatus="0" ImmediateNvStorageAllowed="0" FailureCycleCounterThershold="255" StorageConditionRef="0" AgingOpCycleRef="4"/>
            <DTCConfig: Id="1" EnableConditionRef="0" AgingThershold="40" DemCallbackInitMForE="((void *) 0)" EventKind="0" DTCTableRef="1" Value="0" DebounceTableRef="255" OpCycleRef="2" AttrbsRef="1" AgingAllowed="1" AvailableStatus="1" ImmediateNvStorageAllowed="1" FailureCycleCounterThershold="255" StorageConditionRef="0" AgingOpCycleRef="0"/>
            <DTCConfig: Id="2" EnableConditionRef="0" AgingThershold="40" DemCallbackInitMForE="((void *) 0)" EventKind="1" DTCTableRef="2" Value="0" DebounceTableRef="255" OpCycleRef="2" AttrbsRef="2" AgingAllowed="1" AvailableStatus="1" ImmediateNvStorageAllowed="1" FailureCycleCounterThershold="255" StorageConditionRef="0" AgingOpCycleRef="0"/>
            <DTCConfig: Id="3" EnableConditionRef="0" AgingThershold="40" DemCallbackInitMForE="((void *) 0)" EventKind="0" DTCTableRef="3" Value="c14087" DebounceTableRef="1" OpCycleRef="3" AttrbsRef="3" AgingAllowed="1" AvailableStatus="1" ImmediateNvStorageAllowed="1" FailureCycleCounterThershold="255" StorageConditionRef="0" AgingOpCycleRef="0"/>
            <DTCConfig: Id="4" EnableConditionRef="0" AgingThershold="40" DemCallbackInitMForE="((void *) 0)" EventKind="0" DTCTableRef="4" Value="d10017" DebounceTableRef="0" OpCycleRef="3" AttrbsRef="4" AgingAllowed="1" AvailableStatus="1" ImmediateNvStorageAllowed="1" FailureCycleCounterThershold="255" StorageConditionRef="0" AgingOpCycleRef="3"/>
            <DTCConfig: Id="5" EnableConditionRef="0" AgingThershold="40" DemCallbackInitMForE="((void *) 0)" EventKind="0" DTCTableRef="5" Value="d10116" DebounceTableRef="0" OpCycleRef="3" AttrbsRef="5" AgingAllowed="1" AvailableStatus="1" ImmediateNvStorageAllowed="1" FailureCycleCounterThershold="255" StorageConditionRef="0" AgingOpCycleRef="3"/>
            <DTCConfig: Id="6" EnableConditionRef="0" AgingThershold="40" DemCallbackInitMForE="((void *) 0)" EventKind="0" DTCTableRef="6" Value="c07388" DebounceTableRef="0" OpCycleRef="3" AttrbsRef="6" AgingAllowed="1" AvailableStatus="1" ImmediateNvStorageAllowed="1" FailureCycleCounterThershold="255" StorageConditionRef="0" AgingOpCycleRef="3"/>
            <DTCConfig: Id="7" EnableConditionRef="0" AgingThershold="40" DemCallbackInitMForE="((void *) 0)" EventKind="0" DTCTableRef="7" Value="900a98" DebounceTableRef="0" OpCycleRef="3" AttrbsRef="7" AgingAllowed="1" AvailableStatus="1" ImmediateNvStorageAllowed="1" FailureCycleCounterThershold="255" StorageConditionRef="0" AgingOpCycleRef="3"/>
            <DTCConfig: Id="8" EnableConditionRef="0" AgingThershold="40" DemCallbackInitMForE="((void *) 0)" EventKind="0" DTCTableRef="8" Value="900a81" DebounceTableRef="0" OpCycleRef="3" AttrbsRef="8" AgingAllowed="1" AvailableStatus="1" ImmediateNvStorageAllowed="1" FailureCycleCounterThershold="255" StorageConditionRef="0" AgingOpCycleRef="3"/>
            <DTCConfig: Id="9" EnableConditionRef="0" AgingThershold="40" DemCallbackInitMForE="((void *) 0)" EventKind="0" DTCTableRef="9" Value="900a96" DebounceTableRef="0" OpCycleRef="3" AttrbsRef="9" AgingAllowed="1" AvailableStatus="1" ImmediateNvStorageAllowed="1" FailureCycleCounterThershold="255" StorageConditionRef="0" AgingOpCycleRef="3"/>
        </DTCConfig>
    </DemConfig>
</DiagConfigs>
