<DiagConfigs>
    <DcmConfig>
        <DcmGeneralConfig>
            <DcmGeneralConfig: DcmTesterResponseAddr="1"/>
            <DcmGeneralConfig: DcmTesterSourcePhyAddr="1"/>
            <DcmGeneralConfig: DcmTesterSourceFuncAddr="0"/>
            <DcmGeneralConfig: DcmDslBufferSize="4095"/>
        </DcmGeneralConfig>
        <DidConfig>
            <DidConfig: Operation="3" DataLen="a" Did="a1a1"/>
            <DidConfig: Operation="3" DataLen="11" Did="f190"/>
            <DidConfig: Operation="1" DataLen="f" Did="f193"/>
            <DidConfig: Operation="1" DataLen="4" Did="f195"/>
            <DidConfig: Operation="3" DataLen="c8" Did="f1b1"/>
            <DidConfig: Operation="1" DataLen="d" Did="f187"/>
            <DidConfig: Operation="1" DataLen="8" Did="f18a"/>
            <DidConfig: Operation="1" DataLen="14" Did="f18c"/>
            <DidConfig: Operation="1" DataLen="13" Did="f1a2"/>
            <DidConfig: Operation="1" DataLen="4" Did="f1b5"/>
            <DidConfig: Operation="1" DataLen="f" Did="f189"/>
            <DidConfig: Operation="1" DataLen="f" Did="f1c0"/>
            <DidConfig: Operation="1" DataLen="f" Did="f1c1"/>
        </DidConfig>
        <RidConfig>
            <RidConfig: Operation="f" RoutineType="6" RoutineControlOptionRecord="0" Rid="202"/>
            <RidConfig: Operation="f" RoutineType="6" RoutineControlOptionRecord="0" Rid="203"/>
            <RidConfig: Operation="f" RoutineType="6" RoutineControlOptionRecord="0" Rid="ff01"/>
            <RidConfig: Operation="f" RoutineType="6" RoutineControlOptionRecord="0" Rid="f103"/>
            <RidConfig: Operation="f" RoutineType="6" RoutineControlOptionRecord="0" Rid="f104"/>
            <RidConfig: Operation="f" RoutineType="6" RoutineControlOptionRecord="1" Rid="f11e"/>
        </RidConfig>
    </DcmConfig>
    <DemConfig>
        <OpCycleConfig>
            <OpCycleConfig: AutoStop="0" Type="0" AutoStart="0" Id="0"/>
            <OpCycleConfig: AutoStop="0" Type="0" AutoStart="0" Id="1"/>
            <OpCycleConfig: AutoStop="0" Type="0" AutoStart="0" Id="2"/>
            <OpCycleConfig: AutoStop="1" Type="0" AutoStart="1" Id="3"/>
        </OpCycleConfig>
        <DebounceConfig>
            <DebounceConfig: DecStepSize="0" JumpDownValue="0" AlgoClass="1" FailedThershold="0" behavior="1" FailedTimeThershold="100" PassedTimeThershold="100" JumpDown="0" JumpUpValue="0" IncStepSize="0" PassedThershold="0" JumpUp="0"/>
            <DebounceConfig: DecStepSize="-1" JumpDownValue="0" AlgoClass="0" FailedThershold="127" behavior="1" FailedTimeThershold="0" PassedTimeThershold="0" JumpDown="0" JumpUpValue="0" IncStepSize="1" PassedThershold="-128" JumpUp="0"/>
            <DebounceConfig: DecStepSize="0" JumpDownValue="0" AlgoClass="3" FailedThershold="0" behavior="1" FailedTimeThershold="0" PassedTimeThershold="0" JumpDown="0" JumpUpValue="0" IncStepSize="0" PassedThershold="0" JumpUp="0"/>
        </DebounceConfig>
        <DTCConfig>
            <DTCConfig: AgingOpCycleRef="4" DTCTableRef="0" AgingThershold="255" EnableConditionRef="0" Value="ffffff" FailureCycleCounterThershold="255" OpCycleRef="4" AttrbsRef="0" DebounceTableRef="255" AgingAllowed="0" AvailableStatus="0" EventKind="0" Id="0" ImmediateNvStorageAllowed="0" StorageConditionRef="0" DemCallbackInitMForE="((void *) 0)"/>
            <DTCConfig: AgingOpCycleRef="0" DTCTableRef="1" AgingThershold="40" EnableConditionRef="0" Value="0" FailureCycleCounterThershold="255" OpCycleRef="2" AttrbsRef="1" DebounceTableRef="255" AgingAllowed="1" AvailableStatus="1" EventKind="0" Id="1" ImmediateNvStorageAllowed="1" StorageConditionRef="0" DemCallbackInitMForE="((void *) 0)"/>
            <DTCConfig: AgingOpCycleRef="0" DTCTableRef="2" AgingThershold="40" EnableConditionRef="0" Value="0" FailureCycleCounterThershold="255" OpCycleRef="2" AttrbsRef="2" DebounceTableRef="255" AgingAllowed="1" AvailableStatus="1" EventKind="1" Id="2" ImmediateNvStorageAllowed="1" StorageConditionRef="0" DemCallbackInitMForE="((void *) 0)"/>
            <DTCConfig: AgingOpCycleRef="0" DTCTableRef="3" AgingThershold="40" EnableConditionRef="0" Value="f00316" FailureCycleCounterThershold="255" OpCycleRef="3" AttrbsRef="3" DebounceTableRef="0" AgingAllowed="1" AvailableStatus="1" EventKind="0" Id="3" ImmediateNvStorageAllowed="1" StorageConditionRef="0" DemCallbackInitMForE="((void *) 0)"/>
        </DTCConfig>
    </DemConfig>
</DiagConfigs>
