<DiagConfigs>
    <DcmConfig>
        <DcmGeneralConfig>
            <DcmGeneralConfig: DcmTesterResponseAddr="1"/>
            <DcmGeneralConfig: DcmTesterSourcePhyAddr="1"/>
            <DcmGeneralConfig: DcmTesterSourceFuncAddr="0"/>
            <DcmGeneralConfig: DcmDslBufferSize="4095"/>
        </DcmGeneralConfig>
        <DidConfig>
            <DidConfig: DataLen="a" Operation="3" Did="a1a1"/>
            <DidConfig: DataLen="11" Operation="3" Did="f190"/>
            <DidConfig: DataLen="f" Operation="1" Did="f193"/>
            <DidConfig: DataLen="4" Operation="1" Did="f195"/>
            <DidConfig: DataLen="c8" Operation="3" Did="f1b1"/>
            <DidConfig: DataLen="d" Operation="1" Did="f187"/>
            <DidConfig: DataLen="8" Operation="1" Did="f18a"/>
            <DidConfig: DataLen="14" Operation="1" Did="f18c"/>
            <DidConfig: DataLen="13" Operation="1" Did="f1a2"/>
            <DidConfig: DataLen="4" Operation="1" Did="f1b5"/>
            <DidConfig: DataLen="f" Operation="1" Did="f189"/>
            <DidConfig: DataLen="f" Operation="1" Did="f1c0"/>
            <DidConfig: DataLen="f" Operation="1" Did="f1c1"/>
        </DidConfig>
        <RidConfig>
            <RidConfig: RoutineControlOptionRecord="0" Rid="202" Operation="f" RoutineType="6"/>
            <RidConfig: RoutineControlOptionRecord="0" Rid="203" Operation="f" RoutineType="6"/>
            <RidConfig: RoutineControlOptionRecord="0" Rid="ff01" Operation="f" RoutineType="6"/>
            <RidConfig: RoutineControlOptionRecord="0" Rid="f103" Operation="f" RoutineType="6"/>
            <RidConfig: RoutineControlOptionRecord="0" Rid="f104" Operation="f" RoutineType="6"/>
            <RidConfig: RoutineControlOptionRecord="1" Rid="f11e" Operation="f" RoutineType="6"/>
        </RidConfig>
    </DcmConfig>
    <DemConfig>
        <OpCycleConfig>
            <OpCycleConfig: Id="0" AutoStop="0" AutoStart="0" Type="0"/>
            <OpCycleConfig: Id="1" AutoStop="0" AutoStart="0" Type="0"/>
            <OpCycleConfig: Id="2" AutoStop="0" AutoStart="0" Type="0"/>
            <OpCycleConfig: Id="3" AutoStop="1" AutoStart="1" Type="0"/>
        </OpCycleConfig>
        <DebounceConfig>
            <DebounceConfig: AlgoClass="1" FailedTimeThershold="100" JumpDownValue="0" PassedTimeThershold="100" IncStepSize="0" FailedThershold="0" JumpUpValue="0" JumpUp="0" DecStepSize="0" JumpDown="0" behavior="1" PassedThershold="0"/>
            <DebounceConfig: AlgoClass="0" FailedTimeThershold="0" JumpDownValue="0" PassedTimeThershold="0" IncStepSize="1" FailedThershold="127" JumpUpValue="0" JumpUp="0" DecStepSize="-1" JumpDown="0" behavior="1" PassedThershold="-128"/>
            <DebounceConfig: AlgoClass="3" FailedTimeThershold="0" JumpDownValue="0" PassedTimeThershold="0" IncStepSize="0" FailedThershold="0" JumpUpValue="0" JumpUp="0" DecStepSize="0" JumpDown="0" behavior="1" PassedThershold="0"/>
        </DebounceConfig>
        <DTCConfig>
            <DTCConfig: EventKind="0" AgingThershold="255" DemCallbackInitMForE="((void *) 0)" Id="0" DebounceTableRef="255" AvailableStatus="0" EnableConditionRef="0" ImmediateNvStorageAllowed="0" AgingAllowed="0" AgingOpCycleRef="4" AttrbsRef="0" Value="ffffff" FailureCycleCounterThershold="255" DTCTableRef="0" OpCycleRef="4" StorageConditionRef="0"/>
            <DTCConfig: EventKind="0" AgingThershold="40" DemCallbackInitMForE="((void *) 0)" Id="1" DebounceTableRef="255" AvailableStatus="1" EnableConditionRef="0" ImmediateNvStorageAllowed="1" AgingAllowed="1" AgingOpCycleRef="0" AttrbsRef="1" Value="0" FailureCycleCounterThershold="255" DTCTableRef="1" OpCycleRef="2" StorageConditionRef="0"/>
            <DTCConfig: EventKind="1" AgingThershold="40" DemCallbackInitMForE="((void *) 0)" Id="2" DebounceTableRef="255" AvailableStatus="1" EnableConditionRef="0" ImmediateNvStorageAllowed="1" AgingAllowed="1" AgingOpCycleRef="0" AttrbsRef="2" Value="0" FailureCycleCounterThershold="255" DTCTableRef="2" OpCycleRef="2" StorageConditionRef="0"/>
            <DTCConfig: EventKind="0" AgingThershold="40" DemCallbackInitMForE="((void *) 0)" Id="3" DebounceTableRef="1" AvailableStatus="1" EnableConditionRef="0" ImmediateNvStorageAllowed="1" AgingAllowed="1" AgingOpCycleRef="0" AttrbsRef="3" Value="c14087" FailureCycleCounterThershold="255" DTCTableRef="3" OpCycleRef="3" StorageConditionRef="0"/>
            <DTCConfig: EventKind="0" AgingThershold="40" DemCallbackInitMForE="((void *) 0)" Id="4" DebounceTableRef="0" AvailableStatus="1" EnableConditionRef="0" ImmediateNvStorageAllowed="1" AgingAllowed="1" AgingOpCycleRef="3" AttrbsRef="4" Value="d10017" FailureCycleCounterThershold="255" DTCTableRef="4" OpCycleRef="3" StorageConditionRef="0"/>
            <DTCConfig: EventKind="0" AgingThershold="40" DemCallbackInitMForE="((void *) 0)" Id="5" DebounceTableRef="0" AvailableStatus="1" EnableConditionRef="0" ImmediateNvStorageAllowed="1" AgingAllowed="1" AgingOpCycleRef="3" AttrbsRef="5" Value="d10116" FailureCycleCounterThershold="255" DTCTableRef="5" OpCycleRef="3" StorageConditionRef="0"/>
            <DTCConfig: EventKind="0" AgingThershold="40" DemCallbackInitMForE="((void *) 0)" Id="6" DebounceTableRef="0" AvailableStatus="1" EnableConditionRef="0" ImmediateNvStorageAllowed="1" AgingAllowed="1" AgingOpCycleRef="3" AttrbsRef="6" Value="c07388" FailureCycleCounterThershold="255" DTCTableRef="6" OpCycleRef="3" StorageConditionRef="0"/>
            <DTCConfig: EventKind="0" AgingThershold="40" DemCallbackInitMForE="((void *) 0)" Id="7" DebounceTableRef="0" AvailableStatus="1" EnableConditionRef="0" ImmediateNvStorageAllowed="1" AgingAllowed="1" AgingOpCycleRef="3" AttrbsRef="7" Value="900a98" FailureCycleCounterThershold="255" DTCTableRef="7" OpCycleRef="3" StorageConditionRef="0"/>
            <DTCConfig: EventKind="0" AgingThershold="40" DemCallbackInitMForE="((void *) 0)" Id="8" DebounceTableRef="0" AvailableStatus="1" EnableConditionRef="0" ImmediateNvStorageAllowed="1" AgingAllowed="1" AgingOpCycleRef="3" AttrbsRef="8" Value="900a81" FailureCycleCounterThershold="255" DTCTableRef="8" OpCycleRef="3" StorageConditionRef="0"/>
            <DTCConfig: EventKind="0" AgingThershold="40" DemCallbackInitMForE="((void *) 0)" Id="9" DebounceTableRef="0" AvailableStatus="1" EnableConditionRef="0" ImmediateNvStorageAllowed="1" AgingAllowed="1" AgingOpCycleRef="3" AttrbsRef="9" Value="900a96" FailureCycleCounterThershold="255" DTCTableRef="9" OpCycleRef="3" StorageConditionRef="0"/>
        </DTCConfig>
    </DemConfig>
    <NVMConfig>
        <NVMBlockConfig>
            <NVMBlockConfig: NvBlockLength="8" NvRamBlockIdentifier="0" MaxNumWriteRetries="0" SelectBlockForWriteAll="1" BlockUseCrc="0" BlockUseSetRamBlockStatus="0" WriteBlockOnce="0" BlockCrcType="2" Str_RomBlockDefaultData="0" CalcRamBlockCrc="0" BlockJobPriority="1" NvBlockNum="0" NvRamDeviceId="0" BswMBlockStatusInformation="0" BlockManagementType="0" Str_RomBlockDataAddress="NvmRomData_TestOdo" RomBlockNum="0" Str_RamBlockDataAddress="NvmRamData_TestOdo" NvBlockBaseNumber="0" BlockWriteProt="0" Str_BlockName="Test_Odo" MaxNumReadRetries="0" SelectBlockForReadAll="1" Str_InitFun="NULL" Str_JobFinishedFunction="Rte_Call_TestOdo_JobFinished"/>
            <NVMBlockConfig: NvBlockLength="17" NvRamBlockIdentifier="0" MaxNumWriteRetries="0" SelectBlockForWriteAll="1" BlockUseCrc="0" BlockUseSetRamBlockStatus="0" WriteBlockOnce="0" BlockCrcType="2" Str_RomBlockDefaultData="0x4C, 0x58, 0x57, 0x59, 0x45, 0x50, 0x47, 0x32, 0x38, 0x4A, 0x48, 0x30, 0x30, 0x31, 0x37, 0x35, 0x32" CalcRamBlockCrc="0" BlockJobPriority="1" NvBlockNum="0" NvRamDeviceId="0" BswMBlockStatusInformation="0" BlockManagementType="0" Str_RomBlockDataAddress="NvmRomData_VIN" RomBlockNum="0" Str_RamBlockDataAddress="NvmRamData_VIN" NvBlockBaseNumber="1" BlockWriteProt="0" Str_BlockName="VIN" MaxNumReadRetries="0" SelectBlockForReadAll="1" Str_InitFun="NULL" Str_JobFinishedFunction="Rte_Call_VIN_JobFinished"/>
            <NVMBlockConfig: NvBlockLength="200" NvRamBlockIdentifier="0" MaxNumWriteRetries="0" SelectBlockForWriteAll="1" BlockUseCrc="0" BlockUseSetRamBlockStatus="0" WriteBlockOnce="0" BlockCrcType="2" Str_RomBlockDefaultData="0xFF, 0xFF, 0xFF, 0xFF, 0xFF, 0xFF, 0xFF, 0xFF, 0xFF, 0xFF, 0xFF, 0xFF, 0xFF, 0xFF, 0xFF, 0xFF, 0xFF, 0xFF, 0xFF, 0xFF,0xFF, 0xFF, 0xFF, 0xFF, 0xFF, 0xFF, 0xFF, 0xFF, 0xFF, 0xFF, 0xFF, 0xFF, 0xFF, 0xFF, 0xFF, 0xFF, 0xFF, 0xFF, 0xFF, 0xFF,0xFF, 0xFF, 0xFF, 0xFF, 0xFF, 0xFF, 0xFF, 0xFF, 0xFF, 0xFF, 0xFF, 0xFF, 0xFF, 0xFF, 0xFF, 0xFF, 0xFF, 0xFF, 0xFF, 0xFF,0xFF, 0xFF, 0xFF, 0xFF, 0xFF, 0xFF, 0xFF, 0xFF, 0xFF, 0xFF, 0xFF, 0xFF, 0xFF, 0xFF, 0xFF, 0xFF, 0xFF, 0xFF, 0xFF, 0xFF,0xFF, 0xFF, 0xFF, 0xFF, 0xFF, 0xFF, 0xFF, 0xFF, 0xFF, 0xFF, 0xFF, 0xFF, 0xFF, 0xFF, 0xFF, 0xFF, 0xFF, 0xFF, 0xFF, 0xFF,0xFF, 0xFF, 0xFF, 0xFF, 0xFF, 0xFF, 0xFF, 0xFF, 0xFF, 0xFF, 0xFF, 0xFF, 0xFF, 0xFF, 0xFF, 0xFF, 0xFF, 0xFF, 0xFF, 0xFF,0xFF, 0xFF, 0xFF, 0xFF, 0xFF, 0xFF, 0xFF, 0xFF, 0xFF, 0xFF, 0xFF, 0xFF, 0xFF, 0xFF, 0xFF, 0xFF, 0xFF, 0xFF, 0xFF, 0xFF,0xFF, 0xFF, 0xFF, 0xFF, 0xFF, 0xFF, 0xFF, 0xFF, 0xFF, 0xFF, 0xFF, 0xFF, 0xFF, 0xFF, 0xFF, 0xFF, 0xFF, 0xFF, 0xFF, 0xFF,0xFF, 0xFF, 0xFF, 0xFF, 0xFF, 0xFF, 0xFF, 0xFF, 0xFF, 0xFF, 0xFF, 0xFF, 0xFF, 0xFF, 0xFF, 0xFF, 0xFF, 0xFF, 0xFF, 0xFF,0xFF, 0xFF, 0xFF, 0xFF, 0xFF, 0xFF, 0xFF, 0xFF, 0xFF, 0xFF, 0xFF, 0xFF, 0xFF, 0xFF, 0xFF, 0xFF, 0xFF, 0xFF, 0xFF, 0xFF" CalcRamBlockCrc="0" BlockJobPriority="1" NvBlockNum="0" NvRamDeviceId="0" BswMBlockStatusInformation="0" BlockManagementType="0" Str_RomBlockDataAddress="NvmRomData_EcuConfig" RomBlockNum="0" Str_RamBlockDataAddress="NvmRamData_EcuConfig" NvBlockBaseNumber="2" BlockWriteProt="0" Str_BlockName="EcuConfig" MaxNumReadRetries="0" SelectBlockForReadAll="1" Str_InitFun="NULL" Str_JobFinishedFunction="Rte_Call_EcuConfig_JobFinished"/>
        </NVMBlockConfig>
        <FEEBlockConfig>
            <FEEBlockConfig: FEE_NUM_PARTITIONS="1"/>
            <FEEBlockConfig: FEE_MAX_LENGTH="216"/>
            <FEEBlockConfig: FEE_SECTOR_SIZE="2048"/>
            <FEEBlockConfig: FEE_SECTOR_HEADER_SIZE="8"/>
            <FEEBlockConfig: FEE_SECTOR_FOOTER_SIZE="8"/>
            <FEEBlockConfig: FEE_HEADER_SIZE="8"/>
        </FEEBlockConfig>
    </NVMConfig>
</DiagConfigs>
