<DiagConfigs>
    <DcmConfig>
        <DcmGeneralConfig>
            <DcmGeneralConfig: DcmTesterResponseAddr="2"/>
            <DcmGeneralConfig: DcmTesterSourcePhyAddr="1"/>
            <DcmGeneralConfig: DcmTesterSourceFuncAddr="0"/>
            <DcmGeneralConfig: DcmDslBufferSize="4096"/>
        </DcmGeneralConfig>
        <DidConfig>
            <DidConfig: Did="a1a1" DataLen="a" Operation="3"/>
            <DidConfig: Did="f1b1" DataLen="1" Operation="4"/>
        </DidConfig>
        <RidConfig>
            <RidConfig: Rid="202" RoutineControlOptionRecord="0" Operation="f" RoutineType="6"/>
            <RidConfig: Rid="203" RoutineControlOptionRecord="0" Operation="f" RoutineType="6"/>
            <RidConfig: Rid="ff01" RoutineControlOptionRecord="0" Operation="f" RoutineType="6"/>
            <RidConfig: Rid="f103" RoutineControlOptionRecord="0" Operation="f" RoutineType="6"/>
            <RidConfig: Rid="f104" RoutineControlOptionRecord="0" Operation="f" RoutineType="6"/>
            <RidConfig: Rid="f11e" RoutineControlOptionRecord="1" Operation="f" RoutineType="6"/>
        </RidConfig>
    </DcmConfig>
    <DemConfig/>
</DiagConfigs>
