<DiagConfigs>
    <DcmConfig>
        <DcmGeneralConfig>
            <DcmGeneralConfig: DcmTesterResponseAddr="1"/>
            <DcmGeneralConfig: DcmTesterSourcePhyAddr="1"/>
            <DcmGeneralConfig: DcmTesterSourceFuncAddr="0"/>
            <DcmGeneralConfig: DcmDslBufferSize="4095"/>
        </DcmGeneralConfig>
        <DidConfig>
            <DidConfig: DataLen="a" Did="a1a1" Operation="3"/>
            <DidConfig: DataLen="11" Did="f190" Operation="3"/>
            <DidConfig: DataLen="f" Did="f193" Operation="3"/>
            <DidConfig: DataLen="4" Did="f195" Operation="1"/>
            <DidConfig: DataLen="c8" Did="f1b1" Operation="3"/>
            <DidConfig: DataLen="d" Did="f187" Operation="1"/>
            <DidConfig: DataLen="8" Did="f18a" Operation="1"/>
            <DidConfig: DataLen="14" Did="f18c" Operation="3"/>
            <DidConfig: DataLen="13" Did="f1a2" Operation="1"/>
            <DidConfig: DataLen="4" Did="f1b5" Operation="1"/>
            <DidConfig: DataLen="f" Did="f189" Operation="1"/>
            <DidConfig: DataLen="f" Did="f1c0" Operation="1"/>
            <DidConfig: DataLen="f" Did="f1c1" Operation="1"/>
            <DidConfig: DataLen="4" Did="f299" Operation="3"/>
            <DidConfig: DataLen="10" Did="f298" Operation="3"/>
            <DidConfig: DataLen="2" Did="f297" Operation="3"/>
        </DidConfig>
        <RidConfig>
            <RidConfig: RoutineType="6" Rid="202" RoutineControlOptionRecord="0" Operation="f"/>
            <RidConfig: RoutineType="6" Rid="203" RoutineControlOptionRecord="0" Operation="f"/>
            <RidConfig: RoutineType="6" Rid="ff01" RoutineControlOptionRecord="0" Operation="f"/>
            <RidConfig: RoutineType="6" Rid="f103" RoutineControlOptionRecord="0" Operation="f"/>
            <RidConfig: RoutineType="6" Rid="f104" RoutineControlOptionRecord="0" Operation="f"/>
            <RidConfig: RoutineType="6" Rid="f11e" RoutineControlOptionRecord="1" Operation="f"/>
        </RidConfig>
    </DcmConfig>
    <DemConfig>
        <OpCycleConfig>
            <OpCycleConfig: AutoStart="0" AutoStop="0" Id="0" Type="0"/>
            <OpCycleConfig: AutoStart="0" AutoStop="0" Id="1" Type="0"/>
            <OpCycleConfig: AutoStart="0" AutoStop="0" Id="2" Type="0"/>
            <OpCycleConfig: AutoStart="1" AutoStop="1" Id="3" Type="0"/>
        </OpCycleConfig>
        <DebounceConfig>
            <DebounceConfig: IncStepSize="0" AlgoClass="1" JumpDown="0" FailedTimeThershold="100" FailedThershold="0" JumpUp="0" PassedTimeThershold="100" PassedThershold="0" JumpUpValue="0" JumpDownValue="0" DecStepSize="0" behavior="1"/>
            <DebounceConfig: IncStepSize="1" AlgoClass="0" JumpDown="0" FailedTimeThershold="0" FailedThershold="127" JumpUp="0" PassedTimeThershold="0" PassedThershold="-128" JumpUpValue="0" JumpDownValue="0" DecStepSize="-1" behavior="1"/>
            <DebounceConfig: IncStepSize="0" AlgoClass="3" JumpDown="0" FailedTimeThershold="0" FailedThershold="0" JumpUp="0" PassedTimeThershold="0" PassedThershold="0" JumpUpValue="0" JumpDownValue="0" DecStepSize="0" behavior="1"/>
        </DebounceConfig>
        <DTCConfig>
            <DTCConfig: DebounceTableRef="255" AttrbsRef="0" EnableConditionRef="0" AgingThershold="255" DemCallbackInitMForE="((void *) 0)" StorageConditionRef="0" Value="ffffff" OpCycleRef="4" AgingOpCycleRef="4" AgingAllowed="0" EventKind="0" FailureCycleCounterThershold="255" Id="0" DTCTableRef="0" ImmediateNvStorageAllowed="0" AvailableStatus="0"/>
            <DTCConfig: DebounceTableRef="255" AttrbsRef="1" EnableConditionRef="0" AgingThershold="40" DemCallbackInitMForE="((void *) 0)" StorageConditionRef="0" Value="0" OpCycleRef="2" AgingOpCycleRef="0" AgingAllowed="1" EventKind="0" FailureCycleCounterThershold="255" Id="1" DTCTableRef="1" ImmediateNvStorageAllowed="1" AvailableStatus="1"/>
            <DTCConfig: DebounceTableRef="255" AttrbsRef="2" EnableConditionRef="0" AgingThershold="40" DemCallbackInitMForE="((void *) 0)" StorageConditionRef="0" Value="0" OpCycleRef="2" AgingOpCycleRef="0" AgingAllowed="1" EventKind="1" FailureCycleCounterThershold="255" Id="2" DTCTableRef="2" ImmediateNvStorageAllowed="1" AvailableStatus="1"/>
            <DTCConfig: DebounceTableRef="1" AttrbsRef="3" EnableConditionRef="0" AgingThershold="40" DemCallbackInitMForE="((void *) 0)" StorageConditionRef="0" Value="c14087" OpCycleRef="3" AgingOpCycleRef="0" AgingAllowed="1" EventKind="0" FailureCycleCounterThershold="255" Id="3" DTCTableRef="3" ImmediateNvStorageAllowed="1" AvailableStatus="1"/>
            <DTCConfig: DebounceTableRef="0" AttrbsRef="4" EnableConditionRef="0" AgingThershold="40" DemCallbackInitMForE="((void *) 0)" StorageConditionRef="0" Value="d10017" OpCycleRef="3" AgingOpCycleRef="3" AgingAllowed="1" EventKind="0" FailureCycleCounterThershold="255" Id="4" DTCTableRef="4" ImmediateNvStorageAllowed="1" AvailableStatus="1"/>
            <DTCConfig: DebounceTableRef="0" AttrbsRef="5" EnableConditionRef="0" AgingThershold="40" DemCallbackInitMForE="((void *) 0)" StorageConditionRef="0" Value="d10116" OpCycleRef="3" AgingOpCycleRef="3" AgingAllowed="1" EventKind="0" FailureCycleCounterThershold="255" Id="5" DTCTableRef="5" ImmediateNvStorageAllowed="1" AvailableStatus="1"/>
            <DTCConfig: DebounceTableRef="0" AttrbsRef="6" EnableConditionRef="0" AgingThershold="40" DemCallbackInitMForE="((void *) 0)" StorageConditionRef="0" Value="c07388" OpCycleRef="3" AgingOpCycleRef="3" AgingAllowed="1" EventKind="0" FailureCycleCounterThershold="255" Id="6" DTCTableRef="6" ImmediateNvStorageAllowed="1" AvailableStatus="1"/>
            <DTCConfig: DebounceTableRef="0" AttrbsRef="7" EnableConditionRef="0" AgingThershold="40" DemCallbackInitMForE="((void *) 0)" StorageConditionRef="0" Value="900a98" OpCycleRef="3" AgingOpCycleRef="3" AgingAllowed="1" EventKind="0" FailureCycleCounterThershold="255" Id="7" DTCTableRef="7" ImmediateNvStorageAllowed="1" AvailableStatus="1"/>
            <DTCConfig: DebounceTableRef="0" AttrbsRef="8" EnableConditionRef="0" AgingThershold="40" DemCallbackInitMForE="((void *) 0)" StorageConditionRef="0" Value="900a81" OpCycleRef="3" AgingOpCycleRef="3" AgingAllowed="1" EventKind="0" FailureCycleCounterThershold="255" Id="8" DTCTableRef="8" ImmediateNvStorageAllowed="1" AvailableStatus="1"/>
            <DTCConfig: DebounceTableRef="0" AttrbsRef="9" EnableConditionRef="0" AgingThershold="40" DemCallbackInitMForE="((void *) 0)" StorageConditionRef="0" Value="900a96" OpCycleRef="3" AgingOpCycleRef="3" AgingAllowed="1" EventKind="0" FailureCycleCounterThershold="255" Id="9" DTCTableRef="9" ImmediateNvStorageAllowed="1" AvailableStatus="1"/>
        </DTCConfig>
    </DemConfig>
    <NVMConfig>
        <NVMBlockConfig>
            <NVMBlockConfig: NvRamDeviceId="0" NvBlockLength="0" BlockManagementType="0" Str_RomBlockDefaultData="0" BlockCrcType="2" Str_InitFun="NULL" BswMBlockStatusInformation="0" NvBlockBaseNumber="0" MaxNumReadRetries="0" NvRamBlockIdentifier="0" SelectBlockForReadAll="1" CalcRamBlockCrc="0" SelectBlockForWriteAll="1" Str_RomBlockDataAddress="NULL" BlockWriteProt="0" Str_RamBlockDataAddress="NULL" Str_JobFinishedFunction="NULL" NvBlockNum="0" WriteBlockOnce="0" BlockUseCrc="0" MaxNumWriteRetries="0" BlockUseSetRamBlockStatus="0" BlockJobPriority="1" RomBlockNum="0" Str_BlockName="NvMConf___MultiBlockRequest"/>
            <NVMBlockConfig: NvRamDeviceId="0" NvBlockLength="32" BlockManagementType="0" Str_RomBlockDefaultData="0" BlockCrcType="2" Str_InitFun="NULL" BswMBlockStatusInformation="0" NvBlockBaseNumber="0" MaxNumReadRetries="0" NvRamBlockIdentifier="0" SelectBlockForReadAll="1" CalcRamBlockCrc="0" SelectBlockForWriteAll="1" Str_RomBlockDataAddress="NULL" BlockWriteProt="0" Str_RamBlockDataAddress="NvMConfigBlock_RamBlock_au8" Str_JobFinishedFunction="NULL" NvBlockNum="0" WriteBlockOnce="0" BlockUseCrc="0" MaxNumWriteRetries="0" BlockUseSetRamBlockStatus="0" BlockJobPriority="1" RomBlockNum="0" Str_BlockName="NvMConf_NvMBlockDescriptor_NvMConfigBlock"/>
            <NVMBlockConfig: NvRamDeviceId="0" NvBlockLength="9" BlockManagementType="0" Str_RomBlockDefaultData="0" BlockCrcType="2" Str_InitFun="NULL" BswMBlockStatusInformation="0" NvBlockBaseNumber="2" MaxNumReadRetries="0" NvRamBlockIdentifier="0" SelectBlockForReadAll="1" CalcRamBlockCrc="0" SelectBlockForWriteAll="1" Str_RomBlockDataAddress="DemCfg_OpCycle_Default" BlockWriteProt="0" Str_RamBlockDataAddress="Dem_Cfg_OpCycle" Str_JobFinishedFunction="Dem_NvM_JobFinished" NvBlockNum="0" WriteBlockOnce="0" BlockUseCrc="0" MaxNumWriteRetries="0" BlockUseSetRamBlockStatus="0" BlockJobPriority="1" RomBlockNum="0" Str_BlockName="DemCfg_NvMBlockDescriptor_OpCycle"/>
            <NVMBlockConfig: NvRamDeviceId="0" NvBlockLength="20" BlockManagementType="0" Str_RomBlockDefaultData="0" BlockCrcType="2" Str_InitFun="NULL" BswMBlockStatusInformation="0" NvBlockBaseNumber="3" MaxNumReadRetries="0" NvRamBlockIdentifier="0" SelectBlockForReadAll="1" CalcRamBlockCrc="0" SelectBlockForWriteAll="1" Str_RomBlockDataAddress="DemCfg_AdminData_Default" BlockWriteProt="0" Str_RamBlockDataAddress="Dem_Cfg_AdminData" Str_JobFinishedFunction="Dem_NvM_JobFinished" NvBlockNum="0" WriteBlockOnce="0" BlockUseCrc="0" MaxNumWriteRetries="0" BlockUseSetRamBlockStatus="0" BlockJobPriority="1" RomBlockNum="0" Str_BlockName="DemCfg_NvMBlockDescriptor_DemAdmin"/>
            <NVMBlockConfig: NvRamDeviceId="0" NvBlockLength="9" BlockManagementType="0" Str_RomBlockDefaultData="0" BlockCrcType="2" Str_InitFun="NULL" BswMBlockStatusInformation="0" NvBlockBaseNumber="4" MaxNumReadRetries="0" NvRamBlockIdentifier="0" SelectBlockForReadAll="1" CalcRamBlockCrc="0" SelectBlockForWriteAll="1" Str_RomBlockDataAddress="DemCfg_StatusData_Default" BlockWriteProt="0" Str_RamBlockDataAddress="Dem_Cfg_StatusData" Str_JobFinishedFunction="Dem_NvM_JobFinished" NvBlockNum="0" WriteBlockOnce="0" BlockUseCrc="0" MaxNumWriteRetries="0" BlockUseSetRamBlockStatus="0" BlockJobPriority="1" RomBlockNum="0" Str_BlockName="DemCfg_NvMBlockDescriptor_DemStatus"/>
            <NVMBlockConfig: NvRamDeviceId="0" NvBlockLength="17" BlockManagementType="0" Str_RomBlockDefaultData="0x4C, 0x58, 0x57, 0x59, 0x45, 0x50, 0x47, 0x32, 0x38, 0x4A, 0x48, 0x30, 0x30, 0x31, 0x37, 0x35, 0x32" BlockCrcType="2" Str_InitFun="NULL" BswMBlockStatusInformation="0" NvBlockBaseNumber="5" MaxNumReadRetries="0" NvRamBlockIdentifier="0" SelectBlockForReadAll="1" CalcRamBlockCrc="0" SelectBlockForWriteAll="1" Str_RomBlockDataAddress="NvmRomData_VIN" BlockWriteProt="0" Str_RamBlockDataAddress="NvmRamData_VIN" Str_JobFinishedFunction="Rte_Call_VIN_JobFinished" NvBlockNum="0" WriteBlockOnce="0" BlockUseCrc="0" MaxNumWriteRetries="0" BlockUseSetRamBlockStatus="0" BlockJobPriority="1" RomBlockNum="0" Str_BlockName="NvMConf_NvMBlockDescriptor_VIN"/>
            <NVMBlockConfig: NvRamDeviceId="0" NvBlockLength="200" BlockManagementType="0" Str_RomBlockDefaultData="0xFF, 0xFF, 0xFF, 0xFF, 0xFF, 0xFF, 0xFF, 0xFF, 0xFF, 0xFF, 0xFF, 0xFF, 0xFF, 0xFF, 0xFF, 0xFF, 0xFF, 0xFF, 0xFF, 0xFF,0xFF, 0xFF, 0xFF, 0xFF, 0xFF, 0xFF, 0xFF, 0xFF, 0xFF, 0xFF, 0xFF, 0xFF, 0xFF, 0xFF, 0xFF, 0xFF, 0xFF, 0xFF, 0xFF, 0xFF,0xFF, 0xFF, 0xFF, 0xFF, 0xFF, 0xFF, 0xFF, 0xFF, 0xFF, 0xFF, 0xFF, 0xFF, 0xFF, 0xFF, 0xFF, 0xFF, 0xFF, 0xFF, 0xFF, 0xFF,0xFF, 0xFF, 0xFF, 0xFF, 0xFF, 0xFF, 0xFF, 0xFF, 0xFF, 0xFF, 0xFF, 0xFF, 0xFF, 0xFF, 0xFF, 0xFF, 0xFF, 0xFF, 0xFF, 0xFF,0xFF, 0xFF, 0xFF, 0xFF, 0xFF, 0xFF, 0xFF, 0xFF, 0xFF, 0xFF, 0xFF, 0xFF, 0xFF, 0xFF, 0xFF, 0xFF, 0xFF, 0xFF, 0xFF, 0xFF,0xFF, 0xFF, 0xFF, 0xFF, 0xFF, 0xFF, 0xFF, 0xFF, 0xFF, 0xFF, 0xFF, 0xFF, 0xFF, 0xFF, 0xFF, 0xFF, 0xFF, 0xFF, 0xFF, 0xFF,0xFF, 0xFF, 0xFF, 0xFF, 0xFF, 0xFF, 0xFF, 0xFF, 0xFF, 0xFF, 0xFF, 0xFF, 0xFF, 0xFF, 0xFF, 0xFF, 0xFF, 0xFF, 0xFF, 0xFF,0xFF, 0xFF, 0xFF, 0xFF, 0xFF, 0xFF, 0xFF, 0xFF, 0xFF, 0xFF, 0xFF, 0xFF, 0xFF, 0xFF, 0xFF, 0xFF, 0xFF, 0xFF, 0xFF, 0xFF,0xFF, 0xFF, 0xFF, 0xFF, 0xFF, 0xFF, 0xFF, 0xFF, 0xFF, 0xFF, 0xFF, 0xFF, 0xFF, 0xFF, 0xFF, 0xFF, 0xFF, 0xFF, 0xFF, 0xFF,0xFF, 0xFF, 0xFF, 0xFF, 0xFF, 0xFF, 0xFF, 0xFF, 0xFF, 0xFF, 0xFF, 0xFF, 0xFF, 0xFF, 0xFF, 0xFF, 0xFF, 0xFF, 0xFF, 0xFF" BlockCrcType="2" Str_InitFun="NULL" BswMBlockStatusInformation="0" NvBlockBaseNumber="6" MaxNumReadRetries="0" NvRamBlockIdentifier="0" SelectBlockForReadAll="1" CalcRamBlockCrc="0" SelectBlockForWriteAll="1" Str_RomBlockDataAddress="NvmRomData_EcuConfig" BlockWriteProt="0" Str_RamBlockDataAddress="NvmRamData_EcuConfig" Str_JobFinishedFunction="Rte_Call_EcuConfig_JobFinished" NvBlockNum="0" WriteBlockOnce="0" BlockUseCrc="0" MaxNumWriteRetries="0" BlockUseSetRamBlockStatus="0" BlockJobPriority="1" RomBlockNum="0" Str_BlockName="NvMConf_NvMBlockDescriptor_EcuConfig"/>
            <NVMBlockConfig: NvRamDeviceId="0" NvBlockLength="8" BlockManagementType="0" Str_RomBlockDefaultData="0,1,0,2,0,0,0,0" BlockCrcType="2" Str_InitFun="NULL" BswMBlockStatusInformation="0" NvBlockBaseNumber="7" MaxNumReadRetries="0" NvRamBlockIdentifier="0" SelectBlockForReadAll="1" CalcRamBlockCrc="0" SelectBlockForWriteAll="1" Str_RomBlockDataAddress="NvmRomData_EIDCConfig" BlockWriteProt="0" Str_RamBlockDataAddress="NvmRamData_EIDCConfig" Str_JobFinishedFunction="Rte_Call_EIDCConfig_JobFinished" NvBlockNum="0" WriteBlockOnce="0" BlockUseCrc="0" MaxNumWriteRetries="0" BlockUseSetRamBlockStatus="0" BlockJobPriority="1" RomBlockNum="0" Str_BlockName="NvMConf_NvMBlockDescriptor_EIDCConfig"/>
            <NVMBlockConfig: NvRamDeviceId="0" NvBlockLength="24" BlockManagementType="0" Str_RomBlockDefaultData="0" BlockCrcType="2" Str_InitFun="NULL" BswMBlockStatusInformation="0" NvBlockBaseNumber="8" MaxNumReadRetries="0" NvRamBlockIdentifier="0" SelectBlockForReadAll="1" CalcRamBlockCrc="0" SelectBlockForWriteAll="1" Str_RomBlockDataAddress="Dem_MemoryEntryInit" BlockWriteProt="0" Str_RamBlockDataAddress="Dem_PrimaryEntry_000" Str_JobFinishedFunction="Dem_NvM_JobFinished" NvBlockNum="0" WriteBlockOnce="0" BlockUseCrc="0" MaxNumWriteRetries="0" BlockUseSetRamBlockStatus="0" BlockJobPriority="1" RomBlockNum="0" Str_BlockName="DemCfg_NvMBlockDescriptor_DemPrimary_000"/>
            <NVMBlockConfig: NvRamDeviceId="0" NvBlockLength="24" BlockManagementType="0" Str_RomBlockDefaultData="0" BlockCrcType="2" Str_InitFun="NULL" BswMBlockStatusInformation="0" NvBlockBaseNumber="9" MaxNumReadRetries="0" NvRamBlockIdentifier="0" SelectBlockForReadAll="1" CalcRamBlockCrc="0" SelectBlockForWriteAll="1" Str_RomBlockDataAddress="Dem_MemoryEntryInit" BlockWriteProt="0" Str_RamBlockDataAddress="Dem_PrimaryEntry_001" Str_JobFinishedFunction="Dem_NvM_JobFinished" NvBlockNum="0" WriteBlockOnce="0" BlockUseCrc="0" MaxNumWriteRetries="0" BlockUseSetRamBlockStatus="0" BlockJobPriority="1" RomBlockNum="0" Str_BlockName="DemCfg_NvMBlockDescriptor_DemPrimary_001"/>
            <NVMBlockConfig: NvRamDeviceId="0" NvBlockLength="24" BlockManagementType="0" Str_RomBlockDefaultData="0" BlockCrcType="2" Str_InitFun="NULL" BswMBlockStatusInformation="0" NvBlockBaseNumber="10" MaxNumReadRetries="0" NvRamBlockIdentifier="0" SelectBlockForReadAll="1" CalcRamBlockCrc="0" SelectBlockForWriteAll="1" Str_RomBlockDataAddress="Dem_MemoryEntryInit" BlockWriteProt="0" Str_RamBlockDataAddress="Dem_PrimaryEntry_002" Str_JobFinishedFunction="Dem_NvM_JobFinished" NvBlockNum="0" WriteBlockOnce="0" BlockUseCrc="0" MaxNumWriteRetries="0" BlockUseSetRamBlockStatus="0" BlockJobPriority="1" RomBlockNum="0" Str_BlockName="DemCfg_NvMBlockDescriptor_DemPrimary_002"/>
            <NVMBlockConfig: NvRamDeviceId="0" NvBlockLength="24" BlockManagementType="0" Str_RomBlockDefaultData="0" BlockCrcType="2" Str_InitFun="NULL" BswMBlockStatusInformation="0" NvBlockBaseNumber="11" MaxNumReadRetries="0" NvRamBlockIdentifier="0" SelectBlockForReadAll="1" CalcRamBlockCrc="0" SelectBlockForWriteAll="1" Str_RomBlockDataAddress="Dem_MemoryEntryInit" BlockWriteProt="0" Str_RamBlockDataAddress="Dem_PrimaryEntry_003" Str_JobFinishedFunction="Dem_NvM_JobFinished" NvBlockNum="0" WriteBlockOnce="0" BlockUseCrc="0" MaxNumWriteRetries="0" BlockUseSetRamBlockStatus="0" BlockJobPriority="1" RomBlockNum="0" Str_BlockName="DemCfg_NvMBlockDescriptor_DemPrimary_003"/>
            <NVMBlockConfig: NvRamDeviceId="0" NvBlockLength="24" BlockManagementType="0" Str_RomBlockDefaultData="0" BlockCrcType="2" Str_InitFun="NULL" BswMBlockStatusInformation="0" NvBlockBaseNumber="12" MaxNumReadRetries="0" NvRamBlockIdentifier="0" SelectBlockForReadAll="1" CalcRamBlockCrc="0" SelectBlockForWriteAll="1" Str_RomBlockDataAddress="Dem_MemoryEntryInit" BlockWriteProt="0" Str_RamBlockDataAddress="Dem_PrimaryEntry_004" Str_JobFinishedFunction="Dem_NvM_JobFinished" NvBlockNum="0" WriteBlockOnce="0" BlockUseCrc="0" MaxNumWriteRetries="0" BlockUseSetRamBlockStatus="0" BlockJobPriority="1" RomBlockNum="0" Str_BlockName="DemCfg_NvMBlockDescriptor_DemPrimary_004"/>
            <NVMBlockConfig: NvRamDeviceId="0" NvBlockLength="24" BlockManagementType="0" Str_RomBlockDefaultData="0" BlockCrcType="2" Str_InitFun="NULL" BswMBlockStatusInformation="0" NvBlockBaseNumber="13" MaxNumReadRetries="0" NvRamBlockIdentifier="0" SelectBlockForReadAll="1" CalcRamBlockCrc="0" SelectBlockForWriteAll="1" Str_RomBlockDataAddress="Dem_MemoryEntryInit" BlockWriteProt="0" Str_RamBlockDataAddress="Dem_PrimaryEntry_005" Str_JobFinishedFunction="Dem_NvM_JobFinished" NvBlockNum="0" WriteBlockOnce="0" BlockUseCrc="0" MaxNumWriteRetries="0" BlockUseSetRamBlockStatus="0" BlockJobPriority="1" RomBlockNum="0" Str_BlockName="DemCfg_NvMBlockDescriptor_DemPrimary_005"/>
            <NVMBlockConfig: NvRamDeviceId="0" NvBlockLength="24" BlockManagementType="0" Str_RomBlockDefaultData="0" BlockCrcType="2" Str_InitFun="NULL" BswMBlockStatusInformation="0" NvBlockBaseNumber="14" MaxNumReadRetries="0" NvRamBlockIdentifier="0" SelectBlockForReadAll="1" CalcRamBlockCrc="0" SelectBlockForWriteAll="1" Str_RomBlockDataAddress="Dem_MemoryEntryInit" BlockWriteProt="0" Str_RamBlockDataAddress="Dem_PrimaryEntry_006" Str_JobFinishedFunction="Dem_NvM_JobFinished" NvBlockNum="0" WriteBlockOnce="0" BlockUseCrc="0" MaxNumWriteRetries="0" BlockUseSetRamBlockStatus="0" BlockJobPriority="1" RomBlockNum="0" Str_BlockName="DemCfg_NvMBlockDescriptor_DemPrimary_006"/>
        </NVMBlockConfig>
        <FEEBlockConfig>
            <FEEBlockConfig: FEE_NUM_PARTITIONS="1"/>
            <FEEBlockConfig: FEE_MAX_LENGTH="216"/>
            <FEEBlockConfig: FEE_SECTOR_SIZE="2048"/>
            <FEEBlockConfig: FEE_SECTOR_HEADER_SIZE="8"/>
            <FEEBlockConfig: FEE_SECTOR_FOOTER_SIZE="8"/>
            <FEEBlockConfig: FEE_HEADER_SIZE="8"/>
        </FEEBlockConfig>
    </NVMConfig>
</DiagConfigs>
