<DiagConfigs>
    <DcmConfig>
        <DcmGeneralConfig>
            <DcmGeneralConfig: DcmTesterResponseAddr="1"/>
            <DcmGeneralConfig: DcmTesterSourcePhyAddr="1"/>
            <DcmGeneralConfig: DcmTesterSourceFuncAddr="0"/>
            <DcmGeneralConfig: DcmDslBufferSize="4095"/>
        </DcmGeneralConfig>
        <DidConfig>
            <DidConfig: IsOnlyEol="0" DataLen="0" Did="a1a1" Operation="2"/>
            <DidConfig: IsOnlyEol="0" DataLen="11" Did="f190" Operation="2"/>
            <DidConfig: IsOnlyEol="0" DataLen="0" Did="f193" Operation="2"/>
            <DidConfig: IsOnlyEol="0" DataLen="4" Did="f195" Operation="1"/>
            <DidConfig: IsOnlyEol="0" DataLen="0" Did="f1b1" Operation="3"/>
            <DidConfig: IsOnlyEol="0" DataLen="0" Did="f187" Operation="1"/>
            <DidConfig: IsOnlyEol="0" DataLen="8" Did="f18a" Operation="1"/>
            <DidConfig: IsOnlyEol="0" DataLen="14" Did="f18c" Operation="3"/>
            <DidConfig: IsOnlyEol="0" DataLen="13" Did="f1a2" Operation="1"/>
            <DidConfig: IsOnlyEol="0" DataLen="4" Did="f1b5" Operation="1"/>
            <DidConfig: IsOnlyEol="0" DataLen="0" Did="f189" Operation="1"/>
            <DidConfig: IsOnlyEol="0" DataLen="0" Did="f1c0" Operation="1"/>
            <DidConfig: IsOnlyEol="0" DataLen="0" Did="f1c1" Operation="1"/>
            <DidConfig: IsOnlyEol="0" DataLen="4" Did="f299" Operation="3"/>
            <DidConfig: IsOnlyEol="0" DataLen="10" Did="f298" Operation="3"/>
            <DidConfig: IsOnlyEol="1" DataLen="2" Did="f297" Operation="3"/>
        </DidConfig>
        <RidConfig>
            <RidConfig: Rid="202" RoutineType="6" RoutineControlOptionRecord="0" Operation="15"/>
            <RidConfig: Rid="203" RoutineType="6" RoutineControlOptionRecord="0" Operation="15"/>
            <RidConfig: Rid="ff01" RoutineType="6" RoutineControlOptionRecord="0" Operation="15"/>
            <RidConfig: Rid="f103" RoutineType="6" RoutineControlOptionRecord="0" Operation="15"/>
            <RidConfig: Rid="f104" RoutineType="6" RoutineControlOptionRecord="0" Operation="15"/>
            <RidConfig: Rid="f11e" RoutineType="6" RoutineControlOptionRecord="1" Operation="15"/>
        </RidConfig>
    </DcmConfig>
    <DemConfig>
        <OpCycleConfig>
            <OpCycleConfig: Type="0" AutoStart="0" Id="0" AutoStop="0"/>
            <OpCycleConfig: Type="0" AutoStart="0" Id="1" AutoStop="0"/>
            <OpCycleConfig: Type="0" AutoStart="0" Id="2" AutoStop="0"/>
            <OpCycleConfig: Type="0" AutoStart="1" Id="3" AutoStop="1"/>
        </OpCycleConfig>
        <DebounceConfig>
            <DebounceConfig: JumpUpValue="0" IncStepSize="0" FailedTimeThershold="100" JumpDownValue="0" JumpUp="0" JumpDown="0" behavior="1" PassedTimeThershold="100" AlgoClass="1" PassedThershold="0" DecStepSize="0" FailedThershold="0"/>
            <DebounceConfig: JumpUpValue="0" IncStepSize="1" FailedTimeThershold="0" JumpDownValue="0" JumpUp="0" JumpDown="0" behavior="1" PassedTimeThershold="0" AlgoClass="0" PassedThershold="-128" DecStepSize="-1" FailedThershold="127"/>
            <DebounceConfig: JumpUpValue="0" IncStepSize="0" FailedTimeThershold="0" JumpDownValue="0" JumpUp="0" JumpDown="0" behavior="1" PassedTimeThershold="0" AlgoClass="3" PassedThershold="0" DecStepSize="0" FailedThershold="0"/>
        </DebounceConfig>
        <DTCConfig>
            <DTCConfig: StorageConditionRef="0" DebounceTableRef="255" DTCTableRef="0" AttrbsRef="0" ImmediateNvStorageAllowed="0" Id="0" AgingOpCycleRef="4" AvailableStatus="0" AgingThershold="255" Value="ffffff" AgingAllowed="0" FailureCycleCounterThershold="255" EnableConditionRef="0" DemCallbackInitMForE="((void *) 0)" OpCycleRef="4" EventKind="0"/>
            <DTCConfig: StorageConditionRef="0" DebounceTableRef="255" DTCTableRef="1" AttrbsRef="1" ImmediateNvStorageAllowed="1" Id="1" AgingOpCycleRef="0" AvailableStatus="1" AgingThershold="40" Value="0" AgingAllowed="1" FailureCycleCounterThershold="255" EnableConditionRef="0" DemCallbackInitMForE="((void *) 0)" OpCycleRef="2" EventKind="0"/>
            <DTCConfig: StorageConditionRef="0" DebounceTableRef="255" DTCTableRef="2" AttrbsRef="2" ImmediateNvStorageAllowed="1" Id="2" AgingOpCycleRef="0" AvailableStatus="1" AgingThershold="40" Value="0" AgingAllowed="1" FailureCycleCounterThershold="255" EnableConditionRef="0" DemCallbackInitMForE="((void *) 0)" OpCycleRef="2" EventKind="1"/>
            <DTCConfig: StorageConditionRef="0" DebounceTableRef="1" DTCTableRef="3" AttrbsRef="3" ImmediateNvStorageAllowed="1" Id="3" AgingOpCycleRef="0" AvailableStatus="1" AgingThershold="40" Value="c14087" AgingAllowed="1" FailureCycleCounterThershold="255" EnableConditionRef="0" DemCallbackInitMForE="((void *) 0)" OpCycleRef="3" EventKind="0"/>
            <DTCConfig: StorageConditionRef="0" DebounceTableRef="0" DTCTableRef="4" AttrbsRef="4" ImmediateNvStorageAllowed="1" Id="4" AgingOpCycleRef="3" AvailableStatus="1" AgingThershold="40" Value="d10017" AgingAllowed="1" FailureCycleCounterThershold="255" EnableConditionRef="0" DemCallbackInitMForE="((void *) 0)" OpCycleRef="3" EventKind="0"/>
            <DTCConfig: StorageConditionRef="0" DebounceTableRef="0" DTCTableRef="5" AttrbsRef="5" ImmediateNvStorageAllowed="1" Id="5" AgingOpCycleRef="3" AvailableStatus="1" AgingThershold="40" Value="d10116" AgingAllowed="1" FailureCycleCounterThershold="255" EnableConditionRef="0" DemCallbackInitMForE="((void *) 0)" OpCycleRef="3" EventKind="0"/>
            <DTCConfig: StorageConditionRef="0" DebounceTableRef="0" DTCTableRef="6" AttrbsRef="6" ImmediateNvStorageAllowed="1" Id="6" AgingOpCycleRef="3" AvailableStatus="1" AgingThershold="40" Value="c07388" AgingAllowed="1" FailureCycleCounterThershold="255" EnableConditionRef="0" DemCallbackInitMForE="((void *) 0)" OpCycleRef="3" EventKind="0"/>
            <DTCConfig: StorageConditionRef="0" DebounceTableRef="0" DTCTableRef="7" AttrbsRef="7" ImmediateNvStorageAllowed="1" Id="7" AgingOpCycleRef="3" AvailableStatus="1" AgingThershold="40" Value="900a98" AgingAllowed="1" FailureCycleCounterThershold="255" EnableConditionRef="0" DemCallbackInitMForE="((void *) 0)" OpCycleRef="3" EventKind="0"/>
            <DTCConfig: StorageConditionRef="0" DebounceTableRef="0" DTCTableRef="8" AttrbsRef="8" ImmediateNvStorageAllowed="1" Id="8" AgingOpCycleRef="3" AvailableStatus="1" AgingThershold="40" Value="900a81" AgingAllowed="1" FailureCycleCounterThershold="255" EnableConditionRef="0" DemCallbackInitMForE="((void *) 0)" OpCycleRef="3" EventKind="0"/>
            <DTCConfig: StorageConditionRef="0" DebounceTableRef="0" DTCTableRef="9" AttrbsRef="9" ImmediateNvStorageAllowed="1" Id="9" AgingOpCycleRef="3" AvailableStatus="1" AgingThershold="40" Value="900a96" AgingAllowed="1" FailureCycleCounterThershold="255" EnableConditionRef="0" DemCallbackInitMForE="((void *) 0)" OpCycleRef="3" EventKind="0"/>
        </DTCConfig>
    </DemConfig>
    <NVMConfig>
        <NVMBlockConfig>
            <NVMBlockConfig: NvBlockLength="0" Str_JobFinishedFunction="NULL" CalcRamBlockCrc="0" Str_BlockName="NvMConf___MultiBlockRequest" Str_RomBlockDefaultData="0" Str_InitFun="NULL" WriteBlockOnce="0" SelectBlockForWriteAll="1" MaxNumWriteRetries="0" BlockCrcType="2" SelectBlockForReadAll="1" NvRamDeviceId="0" BlockWriteProt="0" Str_RamBlockDataAddress="NULL" NvBlockBaseNumber="0" BlockManagementType="0" BlockJobPriority="1" RomBlockNum="0" NvBlockNum="0" NvRamBlockIdentifier="0" BlockUseCrc="0" MaxNumReadRetries="0" Str_RomBlockDataAddress="NULL" BlockUseSetRamBlockStatus="0" BswMBlockStatusInformation="0"/>
            <NVMBlockConfig: NvBlockLength="32" Str_JobFinishedFunction="NULL" CalcRamBlockCrc="0" Str_BlockName="NvMConf_NvMBlockDescriptor_NvMConfigBlock" Str_RomBlockDefaultData="0" Str_InitFun="NULL" WriteBlockOnce="0" SelectBlockForWriteAll="1" MaxNumWriteRetries="0" BlockCrcType="2" SelectBlockForReadAll="1" NvRamDeviceId="0" BlockWriteProt="0" Str_RamBlockDataAddress="NvMConfigBlock_RamBlock_au8" NvBlockBaseNumber="0" BlockManagementType="0" BlockJobPriority="1" RomBlockNum="0" NvBlockNum="0" NvRamBlockIdentifier="0" BlockUseCrc="0" MaxNumReadRetries="0" Str_RomBlockDataAddress="NULL" BlockUseSetRamBlockStatus="0" BswMBlockStatusInformation="0"/>
            <NVMBlockConfig: NvBlockLength="9" Str_JobFinishedFunction="Dem_NvM_JobFinished" CalcRamBlockCrc="0" Str_BlockName="DemCfg_NvMBlockDescriptor_OpCycle" Str_RomBlockDefaultData="0" Str_InitFun="NULL" WriteBlockOnce="0" SelectBlockForWriteAll="1" MaxNumWriteRetries="0" BlockCrcType="2" SelectBlockForReadAll="1" NvRamDeviceId="0" BlockWriteProt="0" Str_RamBlockDataAddress="Dem_Cfg_OpCycle" NvBlockBaseNumber="2" BlockManagementType="0" BlockJobPriority="1" RomBlockNum="0" NvBlockNum="0" NvRamBlockIdentifier="0" BlockUseCrc="0" MaxNumReadRetries="0" Str_RomBlockDataAddress="DemCfg_OpCycle_Default" BlockUseSetRamBlockStatus="0" BswMBlockStatusInformation="0"/>
            <NVMBlockConfig: NvBlockLength="20" Str_JobFinishedFunction="Dem_NvM_JobFinished" CalcRamBlockCrc="0" Str_BlockName="DemCfg_NvMBlockDescriptor_DemAdmin" Str_RomBlockDefaultData="0" Str_InitFun="NULL" WriteBlockOnce="0" SelectBlockForWriteAll="1" MaxNumWriteRetries="0" BlockCrcType="2" SelectBlockForReadAll="1" NvRamDeviceId="0" BlockWriteProt="0" Str_RamBlockDataAddress="Dem_Cfg_AdminData" NvBlockBaseNumber="3" BlockManagementType="0" BlockJobPriority="1" RomBlockNum="0" NvBlockNum="0" NvRamBlockIdentifier="0" BlockUseCrc="0" MaxNumReadRetries="0" Str_RomBlockDataAddress="DemCfg_AdminData_Default" BlockUseSetRamBlockStatus="0" BswMBlockStatusInformation="0"/>
            <NVMBlockConfig: NvBlockLength="9" Str_JobFinishedFunction="Dem_NvM_JobFinished" CalcRamBlockCrc="0" Str_BlockName="DemCfg_NvMBlockDescriptor_DemStatus" Str_RomBlockDefaultData="0" Str_InitFun="NULL" WriteBlockOnce="0" SelectBlockForWriteAll="1" MaxNumWriteRetries="0" BlockCrcType="2" SelectBlockForReadAll="1" NvRamDeviceId="0" BlockWriteProt="0" Str_RamBlockDataAddress="Dem_Cfg_StatusData" NvBlockBaseNumber="4" BlockManagementType="0" BlockJobPriority="1" RomBlockNum="0" NvBlockNum="0" NvRamBlockIdentifier="0" BlockUseCrc="0" MaxNumReadRetries="0" Str_RomBlockDataAddress="DemCfg_StatusData_Default" BlockUseSetRamBlockStatus="0" BswMBlockStatusInformation="0"/>
            <NVMBlockConfig: NvBlockLength="17" Str_JobFinishedFunction="Rte_Call_VIN_JobFinished" CalcRamBlockCrc="0" Str_BlockName="NvMConf_NvMBlockDescriptor_VIN" Str_RomBlockDefaultData="0x4C, 0x58, 0x57, 0x59, 0x45, 0x50, 0x47, 0x32, 0x38, 0x4A, 0x48, 0x30, 0x30, 0x31, 0x37, 0x35, 0x32" Str_InitFun="NULL" WriteBlockOnce="0" SelectBlockForWriteAll="1" MaxNumWriteRetries="0" BlockCrcType="2" SelectBlockForReadAll="1" NvRamDeviceId="0" BlockWriteProt="0" Str_RamBlockDataAddress="NvmRamData_VIN" NvBlockBaseNumber="5" BlockManagementType="0" BlockJobPriority="1" RomBlockNum="0" NvBlockNum="0" NvRamBlockIdentifier="0" BlockUseCrc="0" MaxNumReadRetries="0" Str_RomBlockDataAddress="NvmRomData_VIN" BlockUseSetRamBlockStatus="0" BswMBlockStatusInformation="0"/>
            <NVMBlockConfig: NvBlockLength="200" Str_JobFinishedFunction="Rte_Call_EcuConfig_JobFinished" CalcRamBlockCrc="0" Str_BlockName="NvMConf_NvMBlockDescriptor_EcuConfig" Str_RomBlockDefaultData="0xFF, 0xFF, 0xFF, 0xFF, 0xFF, 0xFF, 0xFF, 0xFF, 0xFF, 0xFF, 0xFF, 0xFF, 0xFF, 0xFF, 0xFF, 0xFF, 0xFF, 0xFF, 0xFF, 0xFF,0xFF, 0xFF, 0xFF, 0xFF, 0xFF, 0xFF, 0xFF, 0xFF, 0xFF, 0xFF, 0xFF, 0xFF, 0xFF, 0xFF, 0xFF, 0xFF, 0xFF, 0xFF, 0xFF, 0xFF,0xFF, 0xFF, 0xFF, 0xFF, 0xFF, 0xFF, 0xFF, 0xFF, 0xFF, 0xFF, 0xFF, 0xFF, 0xFF, 0xFF, 0xFF, 0xFF, 0xFF, 0xFF, 0xFF, 0xFF,0xFF, 0xFF, 0xFF, 0xFF, 0xFF, 0xFF, 0xFF, 0xFF, 0xFF, 0xFF, 0xFF, 0xFF, 0xFF, 0xFF, 0xFF, 0xFF, 0xFF, 0xFF, 0xFF, 0xFF,0xFF, 0xFF, 0xFF, 0xFF, 0xFF, 0xFF, 0xFF, 0xFF, 0xFF, 0xFF, 0xFF, 0xFF, 0xFF, 0xFF, 0xFF, 0xFF, 0xFF, 0xFF, 0xFF, 0xFF,0xFF, 0xFF, 0xFF, 0xFF, 0xFF, 0xFF, 0xFF, 0xFF, 0xFF, 0xFF, 0xFF, 0xFF, 0xFF, 0xFF, 0xFF, 0xFF, 0xFF, 0xFF, 0xFF, 0xFF,0xFF, 0xFF, 0xFF, 0xFF, 0xFF, 0xFF, 0xFF, 0xFF, 0xFF, 0xFF, 0xFF, 0xFF, 0xFF, 0xFF, 0xFF, 0xFF, 0xFF, 0xFF, 0xFF, 0xFF,0xFF, 0xFF, 0xFF, 0xFF, 0xFF, 0xFF, 0xFF, 0xFF, 0xFF, 0xFF, 0xFF, 0xFF, 0xFF, 0xFF, 0xFF, 0xFF, 0xFF, 0xFF, 0xFF, 0xFF,0xFF, 0xFF, 0xFF, 0xFF, 0xFF, 0xFF, 0xFF, 0xFF, 0xFF, 0xFF, 0xFF, 0xFF, 0xFF, 0xFF, 0xFF, 0xFF, 0xFF, 0xFF, 0xFF, 0xFF,0xFF, 0xFF, 0xFF, 0xFF, 0xFF, 0xFF, 0xFF, 0xFF, 0xFF, 0xFF, 0xFF, 0xFF, 0xFF, 0xFF, 0xFF, 0xFF, 0xFF, 0xFF, 0xFF, 0xFF" Str_InitFun="NULL" WriteBlockOnce="0" SelectBlockForWriteAll="1" MaxNumWriteRetries="0" BlockCrcType="2" SelectBlockForReadAll="1" NvRamDeviceId="0" BlockWriteProt="0" Str_RamBlockDataAddress="NvmRamData_EcuConfig" NvBlockBaseNumber="6" BlockManagementType="0" BlockJobPriority="1" RomBlockNum="0" NvBlockNum="0" NvRamBlockIdentifier="0" BlockUseCrc="0" MaxNumReadRetries="0" Str_RomBlockDataAddress="NvmRomData_EcuConfig" BlockUseSetRamBlockStatus="0" BswMBlockStatusInformation="0"/>
            <NVMBlockConfig: NvBlockLength="8" Str_JobFinishedFunction="Rte_Call_EIDCConfig_JobFinished" CalcRamBlockCrc="0" Str_BlockName="NvMConf_NvMBlockDescriptor_EIDCConfig" Str_RomBlockDefaultData="0,1,0,2,0,0,0,0" Str_InitFun="NULL" WriteBlockOnce="0" SelectBlockForWriteAll="1" MaxNumWriteRetries="0" BlockCrcType="2" SelectBlockForReadAll="1" NvRamDeviceId="0" BlockWriteProt="0" Str_RamBlockDataAddress="NvmRamData_EIDCConfig" NvBlockBaseNumber="7" BlockManagementType="0" BlockJobPriority="1" RomBlockNum="0" NvBlockNum="0" NvRamBlockIdentifier="0" BlockUseCrc="0" MaxNumReadRetries="0" Str_RomBlockDataAddress="NvmRomData_EIDCConfig" BlockUseSetRamBlockStatus="0" BswMBlockStatusInformation="0"/>
            <NVMBlockConfig: NvBlockLength="24" Str_JobFinishedFunction="Dem_NvM_JobFinished" CalcRamBlockCrc="0" Str_BlockName="DemCfg_NvMBlockDescriptor_DemPrimary_000" Str_RomBlockDefaultData="0" Str_InitFun="NULL" WriteBlockOnce="0" SelectBlockForWriteAll="1" MaxNumWriteRetries="0" BlockCrcType="2" SelectBlockForReadAll="1" NvRamDeviceId="0" BlockWriteProt="0" Str_RamBlockDataAddress="Dem_PrimaryEntry_000" NvBlockBaseNumber="8" BlockManagementType="0" BlockJobPriority="1" RomBlockNum="0" NvBlockNum="0" NvRamBlockIdentifier="0" BlockUseCrc="0" MaxNumReadRetries="0" Str_RomBlockDataAddress="Dem_MemoryEntryInit" BlockUseSetRamBlockStatus="0" BswMBlockStatusInformation="0"/>
            <NVMBlockConfig: NvBlockLength="24" Str_JobFinishedFunction="Dem_NvM_JobFinished" CalcRamBlockCrc="0" Str_BlockName="DemCfg_NvMBlockDescriptor_DemPrimary_001" Str_RomBlockDefaultData="0" Str_InitFun="NULL" WriteBlockOnce="0" SelectBlockForWriteAll="1" MaxNumWriteRetries="0" BlockCrcType="2" SelectBlockForReadAll="1" NvRamDeviceId="0" BlockWriteProt="0" Str_RamBlockDataAddress="Dem_PrimaryEntry_001" NvBlockBaseNumber="9" BlockManagementType="0" BlockJobPriority="1" RomBlockNum="0" NvBlockNum="0" NvRamBlockIdentifier="0" BlockUseCrc="0" MaxNumReadRetries="0" Str_RomBlockDataAddress="Dem_MemoryEntryInit" BlockUseSetRamBlockStatus="0" BswMBlockStatusInformation="0"/>
            <NVMBlockConfig: NvBlockLength="24" Str_JobFinishedFunction="Dem_NvM_JobFinished" CalcRamBlockCrc="0" Str_BlockName="DemCfg_NvMBlockDescriptor_DemPrimary_002" Str_RomBlockDefaultData="0" Str_InitFun="NULL" WriteBlockOnce="0" SelectBlockForWriteAll="1" MaxNumWriteRetries="0" BlockCrcType="2" SelectBlockForReadAll="1" NvRamDeviceId="0" BlockWriteProt="0" Str_RamBlockDataAddress="Dem_PrimaryEntry_002" NvBlockBaseNumber="10" BlockManagementType="0" BlockJobPriority="1" RomBlockNum="0" NvBlockNum="0" NvRamBlockIdentifier="0" BlockUseCrc="0" MaxNumReadRetries="0" Str_RomBlockDataAddress="Dem_MemoryEntryInit" BlockUseSetRamBlockStatus="0" BswMBlockStatusInformation="0"/>
            <NVMBlockConfig: NvBlockLength="24" Str_JobFinishedFunction="Dem_NvM_JobFinished" CalcRamBlockCrc="0" Str_BlockName="DemCfg_NvMBlockDescriptor_DemPrimary_003" Str_RomBlockDefaultData="0" Str_InitFun="NULL" WriteBlockOnce="0" SelectBlockForWriteAll="1" MaxNumWriteRetries="0" BlockCrcType="2" SelectBlockForReadAll="1" NvRamDeviceId="0" BlockWriteProt="0" Str_RamBlockDataAddress="Dem_PrimaryEntry_003" NvBlockBaseNumber="11" BlockManagementType="0" BlockJobPriority="1" RomBlockNum="0" NvBlockNum="0" NvRamBlockIdentifier="0" BlockUseCrc="0" MaxNumReadRetries="0" Str_RomBlockDataAddress="Dem_MemoryEntryInit" BlockUseSetRamBlockStatus="0" BswMBlockStatusInformation="0"/>
            <NVMBlockConfig: NvBlockLength="24" Str_JobFinishedFunction="Dem_NvM_JobFinished" CalcRamBlockCrc="0" Str_BlockName="DemCfg_NvMBlockDescriptor_DemPrimary_004" Str_RomBlockDefaultData="0" Str_InitFun="NULL" WriteBlockOnce="0" SelectBlockForWriteAll="1" MaxNumWriteRetries="0" BlockCrcType="2" SelectBlockForReadAll="1" NvRamDeviceId="0" BlockWriteProt="0" Str_RamBlockDataAddress="Dem_PrimaryEntry_004" NvBlockBaseNumber="12" BlockManagementType="0" BlockJobPriority="1" RomBlockNum="0" NvBlockNum="0" NvRamBlockIdentifier="0" BlockUseCrc="0" MaxNumReadRetries="0" Str_RomBlockDataAddress="Dem_MemoryEntryInit" BlockUseSetRamBlockStatus="0" BswMBlockStatusInformation="0"/>
            <NVMBlockConfig: NvBlockLength="24" Str_JobFinishedFunction="Dem_NvM_JobFinished" CalcRamBlockCrc="0" Str_BlockName="DemCfg_NvMBlockDescriptor_DemPrimary_005" Str_RomBlockDefaultData="0" Str_InitFun="NULL" WriteBlockOnce="0" SelectBlockForWriteAll="1" MaxNumWriteRetries="0" BlockCrcType="2" SelectBlockForReadAll="1" NvRamDeviceId="0" BlockWriteProt="0" Str_RamBlockDataAddress="Dem_PrimaryEntry_005" NvBlockBaseNumber="13" BlockManagementType="0" BlockJobPriority="1" RomBlockNum="0" NvBlockNum="0" NvRamBlockIdentifier="0" BlockUseCrc="0" MaxNumReadRetries="0" Str_RomBlockDataAddress="Dem_MemoryEntryInit" BlockUseSetRamBlockStatus="0" BswMBlockStatusInformation="0"/>
            <NVMBlockConfig: NvBlockLength="24" Str_JobFinishedFunction="Dem_NvM_JobFinished" CalcRamBlockCrc="0" Str_BlockName="DemCfg_NvMBlockDescriptor_DemPrimary_006" Str_RomBlockDefaultData="0" Str_InitFun="NULL" WriteBlockOnce="0" SelectBlockForWriteAll="1" MaxNumWriteRetries="0" BlockCrcType="2" SelectBlockForReadAll="1" NvRamDeviceId="0" BlockWriteProt="0" Str_RamBlockDataAddress="Dem_PrimaryEntry_006" NvBlockBaseNumber="14" BlockManagementType="0" BlockJobPriority="1" RomBlockNum="0" NvBlockNum="0" NvRamBlockIdentifier="0" BlockUseCrc="0" MaxNumReadRetries="0" Str_RomBlockDataAddress="Dem_MemoryEntryInit" BlockUseSetRamBlockStatus="0" BswMBlockStatusInformation="0"/>
        </NVMBlockConfig>
        <FEEBlockConfig>
            <FEEBlockConfig: FEE_NUM_PARTITIONS="1"/>
            <FEEBlockConfig: FEE_MAX_LENGTH="216"/>
            <FEEBlockConfig: FEE_SECTOR_SIZE="2048"/>
            <FEEBlockConfig: FEE_SECTOR_HEADER_SIZE="8"/>
            <FEEBlockConfig: FEE_SECTOR_FOOTER_SIZE="8"/>
            <FEEBlockConfig: FEE_HEADER_SIZE="8"/>
        </FEEBlockConfig>
    </NVMConfig>
</DiagConfigs>
