<DiagConfigs>
    <DcmConfig>
        <DcmGeneralConfig>
            <DcmGeneralConfig: DcmTesterResponseAddr="1"/>
            <DcmGeneralConfig: DcmTesterSourcePhyAddr="1"/>
            <DcmGeneralConfig: DcmTesterSourceFuncAddr="0"/>
            <DcmGeneralConfig: DcmDslBufferSize="4095"/>
        </DcmGeneralConfig>
        <DidConfig>
            <DidConfig: Did="a1a1" IsOnlyEol="0" DataLen="0" Operation="2"/>
            <DidConfig: Did="f190" IsOnlyEol="0" DataLen="11" Operation="2"/>
            <DidConfig: Did="f193" IsOnlyEol="0" DataLen="0" Operation="2"/>
            <DidConfig: Did="f195" IsOnlyEol="0" DataLen="4" Operation="1"/>
            <DidConfig: Did="f1b1" IsOnlyEol="0" DataLen="0" Operation="3"/>
            <DidConfig: Did="f187" IsOnlyEol="0" DataLen="0" Operation="1"/>
            <DidConfig: Did="f18a" IsOnlyEol="0" DataLen="2000" Operation="1"/>
            <DidConfig: Did="f18c" IsOnlyEol="0" DataLen="1000" Operation="3"/>
            <DidConfig: Did="f1a2" IsOnlyEol="0" DataLen="13" Operation="1"/>
            <DidConfig: Did="f1b5" IsOnlyEol="0" DataLen="4" Operation="1"/>
            <DidConfig: Did="f189" IsOnlyEol="0" DataLen="0" Operation="1"/>
            <DidConfig: Did="f1c0" IsOnlyEol="0" DataLen="0" Operation="1"/>
            <DidConfig: Did="f1c1" IsOnlyEol="0" DataLen="0" Operation="1"/>
            <DidConfig: Did="f299" IsOnlyEol="0" DataLen="4" Operation="3"/>
            <DidConfig: Did="f298" IsOnlyEol="0" DataLen="10" Operation="3"/>
            <DidConfig: Did="f297" IsOnlyEol="1" DataLen="2" Operation="3"/>
        </DidConfig>
        <RidConfig>
            <RidConfig: Rid="202" Operation="15" RoutineType="6" RoutineControlOptionRecord="0"/>
            <RidConfig: Rid="203" Operation="15" RoutineType="6" RoutineControlOptionRecord="0"/>
            <RidConfig: Rid="ff01" Operation="15" RoutineType="6" RoutineControlOptionRecord="0"/>
            <RidConfig: Rid="f103" Operation="15" RoutineType="6" RoutineControlOptionRecord="0"/>
            <RidConfig: Rid="f104" Operation="15" RoutineType="6" RoutineControlOptionRecord="0"/>
            <RidConfig: Rid="f11e" Operation="15" RoutineType="6" RoutineControlOptionRecord="1"/>
        </RidConfig>
    </DcmConfig>
    <DemConfig>
        <OpCycleConfig>
            <OpCycleConfig: Type="0" Id="0" AutoStop="0" AutoStart="0"/>
            <OpCycleConfig: Type="0" Id="0" AutoStop="0" AutoStart="0"/>
            <OpCycleConfig: Type="0" Id="0" AutoStop="0" AutoStart="0"/>
            <OpCycleConfig: Type="0" Id="0" AutoStop="1" AutoStart="1"/>
        </OpCycleConfig>
        <DebounceConfig>
            <DebounceConfig: FailedThershold="0" JumpUpValue="0" FailedTimeThershold="100" IncStepSize="0" DecStepSize="0" JumpUp="0" PassedThershold="0" AlgoClass="1" JumpDownValue="0" behavior="1" PassedTimeThershold="100" JumpDown="0"/>
            <DebounceConfig: FailedThershold="127" JumpUpValue="0" FailedTimeThershold="0" IncStepSize="1" DecStepSize="-1" JumpUp="0" PassedThershold="-128" AlgoClass="0" JumpDownValue="0" behavior="1" PassedTimeThershold="0" JumpDown="0"/>
            <DebounceConfig: FailedThershold="0" JumpUpValue="0" FailedTimeThershold="0" IncStepSize="0" DecStepSize="0" JumpUp="0" PassedThershold="0" AlgoClass="3" JumpDownValue="0" behavior="1" PassedTimeThershold="0" JumpDown="0"/>
        </DebounceConfig>
        <DTCConfig>
            <DTCConfig: OpCycleRef="4" ImmediateNvStorageAllowed="0" AvailableStatus="0" EnableConditionRef="0" AgingThershold="255" EventKind="0" AgingAllowed="0" DemCallbackInitMForE="((void *) 0)" Id="0" Value="ffffff" FailureCycleCounterThershold="255" DebounceTableRef="255" StorageConditionRef="0" AttrbsRef="0" DTCTableRef="0" AgingOpCycleRef="4"/>
            <DTCConfig: OpCycleRef="2" ImmediateNvStorageAllowed="1" AvailableStatus="1" EnableConditionRef="0" AgingThershold="40" EventKind="0" AgingAllowed="1" DemCallbackInitMForE="((void *) 0)" Id="1" Value="0" FailureCycleCounterThershold="255" DebounceTableRef="255" StorageConditionRef="0" AttrbsRef="1" DTCTableRef="1" AgingOpCycleRef="0"/>
            <DTCConfig: OpCycleRef="2" ImmediateNvStorageAllowed="1" AvailableStatus="1" EnableConditionRef="0" AgingThershold="40" EventKind="1" AgingAllowed="1" DemCallbackInitMForE="((void *) 0)" Id="2" Value="0" FailureCycleCounterThershold="255" DebounceTableRef="255" StorageConditionRef="0" AttrbsRef="2" DTCTableRef="2" AgingOpCycleRef="0"/>
            <DTCConfig: OpCycleRef="3" ImmediateNvStorageAllowed="1" AvailableStatus="1" EnableConditionRef="0" AgingThershold="40" EventKind="0" AgingAllowed="1" DemCallbackInitMForE="((void *) 0)" Id="3" Value="c14087" FailureCycleCounterThershold="255" DebounceTableRef="1" StorageConditionRef="0" AttrbsRef="3" DTCTableRef="3" AgingOpCycleRef="0"/>
            <DTCConfig: OpCycleRef="3" ImmediateNvStorageAllowed="1" AvailableStatus="1" EnableConditionRef="0" AgingThershold="40" EventKind="0" AgingAllowed="1" DemCallbackInitMForE="((void *) 0)" Id="4" Value="d10017" FailureCycleCounterThershold="255" DebounceTableRef="0" StorageConditionRef="0" AttrbsRef="4" DTCTableRef="4" AgingOpCycleRef="3"/>
            <DTCConfig: OpCycleRef="3" ImmediateNvStorageAllowed="1" AvailableStatus="1" EnableConditionRef="0" AgingThershold="40" EventKind="0" AgingAllowed="1" DemCallbackInitMForE="((void *) 0)" Id="5" Value="d10116" FailureCycleCounterThershold="255" DebounceTableRef="0" StorageConditionRef="0" AttrbsRef="5" DTCTableRef="5" AgingOpCycleRef="3"/>
            <DTCConfig: OpCycleRef="3" ImmediateNvStorageAllowed="1" AvailableStatus="1" EnableConditionRef="0" AgingThershold="40" EventKind="0" AgingAllowed="1" DemCallbackInitMForE="((void *) 0)" Id="6" Value="c07388" FailureCycleCounterThershold="255" DebounceTableRef="0" StorageConditionRef="0" AttrbsRef="6" DTCTableRef="6" AgingOpCycleRef="3"/>
            <DTCConfig: OpCycleRef="3" ImmediateNvStorageAllowed="1" AvailableStatus="1" EnableConditionRef="0" AgingThershold="40" EventKind="0" AgingAllowed="1" DemCallbackInitMForE="((void *) 0)" Id="7" Value="900a98" FailureCycleCounterThershold="255" DebounceTableRef="0" StorageConditionRef="0" AttrbsRef="7" DTCTableRef="7" AgingOpCycleRef="3"/>
            <DTCConfig: OpCycleRef="3" ImmediateNvStorageAllowed="1" AvailableStatus="1" EnableConditionRef="0" AgingThershold="40" EventKind="0" AgingAllowed="1" DemCallbackInitMForE="((void *) 0)" Id="8" Value="900a81" FailureCycleCounterThershold="255" DebounceTableRef="0" StorageConditionRef="0" AttrbsRef="8" DTCTableRef="8" AgingOpCycleRef="3"/>
            <DTCConfig: OpCycleRef="3" ImmediateNvStorageAllowed="1" AvailableStatus="1" EnableConditionRef="0" AgingThershold="40" EventKind="0" AgingAllowed="1" DemCallbackInitMForE="((void *) 0)" Id="9" Value="900a96" FailureCycleCounterThershold="255" DebounceTableRef="0" StorageConditionRef="0" AttrbsRef="9" DTCTableRef="9" AgingOpCycleRef="3"/>
        </DTCConfig>
    </DemConfig>
    <NVMConfig>
        <NVMBlockConfig>
            <NVMBlockConfig: BswMBlockStatusInformation="0" Str_RomBlockDefaultData="0" BlockUseCrc="0" Str_RomBlockDataAddress="NULL" BlockManagementType="0" Str_BlockName="NvMConf___MultiBlockRequest" BlockCrcType="2" NvRamDeviceId="0" Str_JobFinishedFunction="NULL" SelectBlockForWriteAll="1" SelectBlockForReadAll="1" Str_RamBlockDataAddress="NULL" MaxNumReadRetries="0" RomBlockNum="0" BlockJobPriority="1" Str_NvBlockLength="0" NvRamBlockIdentifier="0" NvBlockBaseNumber="0" CalcRamBlockCrc="0" BlockWriteProt="0" WriteBlockOnce="0" MaxNumWriteRetries="0" BlockUseSetRamBlockStatus="0" Str_InitFun="NULL" NvBlockNum="0"/>
            <NVMBlockConfig: BswMBlockStatusInformation="0" Str_RomBlockDefaultData="0" BlockUseCrc="0" Str_RomBlockDataAddress="NULL" BlockManagementType="0" Str_BlockName="NvMConf_NvMBlockDescriptor_NvMConfigBlock" BlockCrcType="2" NvRamDeviceId="0" Str_JobFinishedFunction="NULL" SelectBlockForWriteAll="1" SelectBlockForReadAll="1" Str_RamBlockDataAddress="NvMConfigBlock_RamBlock_au8" MaxNumReadRetries="0" RomBlockNum="0" BlockJobPriority="1" Str_NvBlockLength="32" NvRamBlockIdentifier="0" NvBlockBaseNumber="1" CalcRamBlockCrc="0" BlockWriteProt="0" WriteBlockOnce="0" MaxNumWriteRetries="0" BlockUseSetRamBlockStatus="0" Str_InitFun="NULL" NvBlockNum="0"/>
            <NVMBlockConfig: BswMBlockStatusInformation="0" Str_RomBlockDefaultData="0" BlockUseCrc="0" Str_RomBlockDataAddress="DemCfg_OpCycle_Default" BlockManagementType="0" Str_BlockName="DemCfg_NvMBlockDescriptor_OpCycle" BlockCrcType="2" NvRamDeviceId="0" Str_JobFinishedFunction="Dem_NvM_JobFinished" SelectBlockForWriteAll="1" SelectBlockForReadAll="1" Str_RamBlockDataAddress="Dem_Cfg_OpCycle" MaxNumReadRetries="0" RomBlockNum="0" BlockJobPriority="1" Str_NvBlockLength="9" NvRamBlockIdentifier="0" NvBlockBaseNumber="2" CalcRamBlockCrc="0" BlockWriteProt="0" WriteBlockOnce="0" MaxNumWriteRetries="0" BlockUseSetRamBlockStatus="0" Str_InitFun="NULL" NvBlockNum="0"/>
            <NVMBlockConfig: BswMBlockStatusInformation="0" Str_RomBlockDefaultData="0" BlockUseCrc="0" Str_RomBlockDataAddress="DemCfg_AdminData_Default" BlockManagementType="0" Str_BlockName="DemCfg_NvMBlockDescriptor_DemAdmin" BlockCrcType="2" NvRamDeviceId="0" Str_JobFinishedFunction="Dem_NvM_JobFinished" SelectBlockForWriteAll="1" SelectBlockForReadAll="1" Str_RamBlockDataAddress="Dem_Cfg_AdminData" MaxNumReadRetries="0" RomBlockNum="0" BlockJobPriority="1" Str_NvBlockLength="20" NvRamBlockIdentifier="0" NvBlockBaseNumber="3" CalcRamBlockCrc="0" BlockWriteProt="0" WriteBlockOnce="0" MaxNumWriteRetries="0" BlockUseSetRamBlockStatus="0" Str_InitFun="NULL" NvBlockNum="0"/>
            <NVMBlockConfig: BswMBlockStatusInformation="0" Str_RomBlockDefaultData="0" BlockUseCrc="0" Str_RomBlockDataAddress="DemCfg_StatusData_Default" BlockManagementType="0" Str_BlockName="DemCfg_NvMBlockDescriptor_DemStatus" BlockCrcType="2" NvRamDeviceId="0" Str_JobFinishedFunction="Dem_NvM_JobFinished" SelectBlockForWriteAll="1" SelectBlockForReadAll="1" Str_RamBlockDataAddress="Dem_Cfg_StatusData" MaxNumReadRetries="0" RomBlockNum="0" BlockJobPriority="1" Str_NvBlockLength="9" NvRamBlockIdentifier="0" NvBlockBaseNumber="4" CalcRamBlockCrc="0" BlockWriteProt="0" WriteBlockOnce="0" MaxNumWriteRetries="0" BlockUseSetRamBlockStatus="0" Str_InitFun="NULL" NvBlockNum="0"/>
            <NVMBlockConfig: BswMBlockStatusInformation="0" Str_RomBlockDefaultData="0x4C, 0x58, 0x57, 0x59, 0x45, 0x50, 0x47, 0x32, 0x38, 0x4A, 0x48, 0x30, 0x30, 0x31, 0x37, 0x35, 0x32" BlockUseCrc="0" Str_RomBlockDataAddress="NvmRomData_VIN" BlockManagementType="0" Str_BlockName="NvMConf_NvMBlockDescriptor_VIN" BlockCrcType="2" NvRamDeviceId="0" Str_JobFinishedFunction="Rte_Call_VIN_JobFinished" SelectBlockForWriteAll="1" SelectBlockForReadAll="1" Str_RamBlockDataAddress="NvmRamData_VIN" MaxNumReadRetries="0" RomBlockNum="0" BlockJobPriority="1" Str_NvBlockLength="17" NvRamBlockIdentifier="0" NvBlockBaseNumber="5" CalcRamBlockCrc="0" BlockWriteProt="0" WriteBlockOnce="0" MaxNumWriteRetries="0" BlockUseSetRamBlockStatus="0" Str_InitFun="NULL" NvBlockNum="0"/>
            <NVMBlockConfig: BswMBlockStatusInformation="0" Str_RomBlockDefaultData="0xFF, 0xFF, 0xFF, 0xFF, 0xFF, 0xFF, 0xFF, 0xFF, 0xFF, 0xFF, 0xFF, 0xFF, 0xFF, 0xFF, 0xFF, 0xFF, 0xFF, 0xFF, 0xFF, 0xFF,0xFF, 0xFF, 0xFF, 0xFF, 0xFF, 0xFF, 0xFF, 0xFF, 0xFF, 0xFF, 0xFF, 0xFF, 0xFF, 0xFF, 0xFF, 0xFF, 0xFF, 0xFF, 0xFF, 0xFF,0xFF, 0xFF, 0xFF, 0xFF, 0xFF, 0xFF, 0xFF, 0xFF, 0xFF, 0xFF, 0xFF, 0xFF, 0xFF, 0xFF, 0xFF, 0xFF, 0xFF, 0xFF, 0xFF, 0xFF,0xFF, 0xFF, 0xFF, 0xFF, 0xFF, 0xFF, 0xFF, 0xFF, 0xFF, 0xFF, 0xFF, 0xFF, 0xFF, 0xFF, 0xFF, 0xFF, 0xFF, 0xFF, 0xFF, 0xFF,0xFF, 0xFF, 0xFF, 0xFF, 0xFF, 0xFF, 0xFF, 0xFF, 0xFF, 0xFF, 0xFF, 0xFF, 0xFF, 0xFF, 0xFF, 0xFF, 0xFF, 0xFF, 0xFF, 0xFF,0xFF, 0xFF, 0xFF, 0xFF, 0xFF, 0xFF, 0xFF, 0xFF, 0xFF, 0xFF, 0xFF, 0xFF, 0xFF, 0xFF, 0xFF, 0xFF, 0xFF, 0xFF, 0xFF, 0xFF,0xFF, 0xFF, 0xFF, 0xFF, 0xFF, 0xFF, 0xFF, 0xFF, 0xFF, 0xFF, 0xFF, 0xFF, 0xFF, 0xFF, 0xFF, 0xFF, 0xFF, 0xFF, 0xFF, 0xFF,0xFF, 0xFF, 0xFF, 0xFF, 0xFF, 0xFF, 0xFF, 0xFF, 0xFF, 0xFF, 0xFF, 0xFF, 0xFF, 0xFF, 0xFF, 0xFF, 0xFF, 0xFF, 0xFF, 0xFF,0xFF, 0xFF, 0xFF, 0xFF, 0xFF, 0xFF, 0xFF, 0xFF, 0xFF, 0xFF, 0xFF, 0xFF, 0xFF, 0xFF, 0xFF, 0xFF, 0xFF, 0xFF, 0xFF, 0xFF,0xFF, 0xFF, 0xFF, 0xFF, 0xFF, 0xFF, 0xFF, 0xFF, 0xFF, 0xFF, 0xFF, 0xFF, 0xFF, 0xFF, 0xFF, 0xFF, 0xFF, 0xFF, 0xFF, 0xFF" BlockUseCrc="0" Str_RomBlockDataAddress="NvmRomData_EcuConfig" BlockManagementType="0" Str_BlockName="NvMConf_NvMBlockDescriptor_EcuConfig" BlockCrcType="2" NvRamDeviceId="0" Str_JobFinishedFunction="Rte_Call_EcuConfig_JobFinished" SelectBlockForWriteAll="1" SelectBlockForReadAll="1" Str_RamBlockDataAddress="NvmRamData_EcuConfig" MaxNumReadRetries="0" RomBlockNum="0" BlockJobPriority="1" Str_NvBlockLength="200" NvRamBlockIdentifier="0" NvBlockBaseNumber="6" CalcRamBlockCrc="0" BlockWriteProt="0" WriteBlockOnce="0" MaxNumWriteRetries="0" BlockUseSetRamBlockStatus="0" Str_InitFun="NULL" NvBlockNum="0"/>
            <NVMBlockConfig: BswMBlockStatusInformation="0" Str_RomBlockDefaultData="0,1,0,2,0,0,0,0" BlockUseCrc="0" Str_RomBlockDataAddress="NvmRomData_EIDCConfig" BlockManagementType="0" Str_BlockName="NvMConf_NvMBlockDescriptor_EIDCConfig" BlockCrcType="2" NvRamDeviceId="0" Str_JobFinishedFunction="Rte_Call_EIDCConfig_JobFinished" SelectBlockForWriteAll="1" SelectBlockForReadAll="1" Str_RamBlockDataAddress="NvmRamData_EIDCConfig" MaxNumReadRetries="0" RomBlockNum="0" BlockJobPriority="1" Str_NvBlockLength="8" NvRamBlockIdentifier="0" NvBlockBaseNumber="7" CalcRamBlockCrc="0" BlockWriteProt="0" WriteBlockOnce="0" MaxNumWriteRetries="0" BlockUseSetRamBlockStatus="0" Str_InitFun="NULL" NvBlockNum="0"/>
            <NVMBlockConfig: BswMBlockStatusInformation="0" Str_RomBlockDefaultData="0" BlockUseCrc="0" Str_RomBlockDataAddress="Dem_MemoryEntryInit" BlockManagementType="0" Str_BlockName="DemCfg_NvMBlockDescriptor_DemPrimary_000" BlockCrcType="2" NvRamDeviceId="0" Str_JobFinishedFunction="Dem_NvM_JobFinished" SelectBlockForWriteAll="1" SelectBlockForReadAll="1" Str_RamBlockDataAddress="Dem_PrimaryEntry_000" MaxNumReadRetries="0" RomBlockNum="0" BlockJobPriority="1" Str_NvBlockLength="24" NvRamBlockIdentifier="0" NvBlockBaseNumber="8" CalcRamBlockCrc="0" BlockWriteProt="0" WriteBlockOnce="0" MaxNumWriteRetries="0" BlockUseSetRamBlockStatus="0" Str_InitFun="NULL" NvBlockNum="0"/>
            <NVMBlockConfig: BswMBlockStatusInformation="0" Str_RomBlockDefaultData="0" BlockUseCrc="0" Str_RomBlockDataAddress="Dem_MemoryEntryInit" BlockManagementType="0" Str_BlockName="DemCfg_NvMBlockDescriptor_DemPrimary_001" BlockCrcType="2" NvRamDeviceId="0" Str_JobFinishedFunction="Dem_NvM_JobFinished" SelectBlockForWriteAll="1" SelectBlockForReadAll="1" Str_RamBlockDataAddress="Dem_PrimaryEntry_001" MaxNumReadRetries="0" RomBlockNum="0" BlockJobPriority="1" Str_NvBlockLength="24" NvRamBlockIdentifier="0" NvBlockBaseNumber="9" CalcRamBlockCrc="0" BlockWriteProt="0" WriteBlockOnce="0" MaxNumWriteRetries="0" BlockUseSetRamBlockStatus="0" Str_InitFun="NULL" NvBlockNum="0"/>
            <NVMBlockConfig: BswMBlockStatusInformation="0" Str_RomBlockDefaultData="0" BlockUseCrc="0" Str_RomBlockDataAddress="Dem_MemoryEntryInit" BlockManagementType="0" Str_BlockName="DemCfg_NvMBlockDescriptor_DemPrimary_002" BlockCrcType="2" NvRamDeviceId="0" Str_JobFinishedFunction="Dem_NvM_JobFinished" SelectBlockForWriteAll="1" SelectBlockForReadAll="1" Str_RamBlockDataAddress="Dem_PrimaryEntry_002" MaxNumReadRetries="0" RomBlockNum="0" BlockJobPriority="1" Str_NvBlockLength="24" NvRamBlockIdentifier="0" NvBlockBaseNumber="10" CalcRamBlockCrc="0" BlockWriteProt="0" WriteBlockOnce="0" MaxNumWriteRetries="0" BlockUseSetRamBlockStatus="0" Str_InitFun="NULL" NvBlockNum="0"/>
            <NVMBlockConfig: BswMBlockStatusInformation="0" Str_RomBlockDefaultData="0" BlockUseCrc="0" Str_RomBlockDataAddress="Dem_MemoryEntryInit" BlockManagementType="0" Str_BlockName="DemCfg_NvMBlockDescriptor_DemPrimary_003" BlockCrcType="2" NvRamDeviceId="0" Str_JobFinishedFunction="Dem_NvM_JobFinished" SelectBlockForWriteAll="1" SelectBlockForReadAll="1" Str_RamBlockDataAddress="Dem_PrimaryEntry_003" MaxNumReadRetries="0" RomBlockNum="0" BlockJobPriority="1" Str_NvBlockLength="24" NvRamBlockIdentifier="0" NvBlockBaseNumber="11" CalcRamBlockCrc="0" BlockWriteProt="0" WriteBlockOnce="0" MaxNumWriteRetries="0" BlockUseSetRamBlockStatus="0" Str_InitFun="NULL" NvBlockNum="0"/>
            <NVMBlockConfig: BswMBlockStatusInformation="0" Str_RomBlockDefaultData="0" BlockUseCrc="0" Str_RomBlockDataAddress="Dem_MemoryEntryInit" BlockManagementType="0" Str_BlockName="DemCfg_NvMBlockDescriptor_DemPrimary_004" BlockCrcType="2" NvRamDeviceId="0" Str_JobFinishedFunction="Dem_NvM_JobFinished" SelectBlockForWriteAll="1" SelectBlockForReadAll="1" Str_RamBlockDataAddress="Dem_PrimaryEntry_004" MaxNumReadRetries="0" RomBlockNum="0" BlockJobPriority="1" Str_NvBlockLength="24" NvRamBlockIdentifier="0" NvBlockBaseNumber="12" CalcRamBlockCrc="0" BlockWriteProt="0" WriteBlockOnce="0" MaxNumWriteRetries="0" BlockUseSetRamBlockStatus="0" Str_InitFun="NULL" NvBlockNum="0"/>
            <NVMBlockConfig: BswMBlockStatusInformation="0" Str_RomBlockDefaultData="0" BlockUseCrc="0" Str_RomBlockDataAddress="Dem_MemoryEntryInit" BlockManagementType="0" Str_BlockName="DemCfg_NvMBlockDescriptor_DemPrimary_005" BlockCrcType="2" NvRamDeviceId="0" Str_JobFinishedFunction="Dem_NvM_JobFinished" SelectBlockForWriteAll="1" SelectBlockForReadAll="1" Str_RamBlockDataAddress="Dem_PrimaryEntry_005" MaxNumReadRetries="0" RomBlockNum="0" BlockJobPriority="1" Str_NvBlockLength="24" NvRamBlockIdentifier="0" NvBlockBaseNumber="13" CalcRamBlockCrc="0" BlockWriteProt="0" WriteBlockOnce="0" MaxNumWriteRetries="0" BlockUseSetRamBlockStatus="0" Str_InitFun="NULL" NvBlockNum="0"/>
            <NVMBlockConfig: BswMBlockStatusInformation="0" Str_RomBlockDefaultData="0" BlockUseCrc="0" Str_RomBlockDataAddress="Dem_MemoryEntryInit" BlockManagementType="0" Str_BlockName="DemCfg_NvMBlockDescriptor_DemPrimary_006" BlockCrcType="2" NvRamDeviceId="0" Str_JobFinishedFunction="Dem_NvM_JobFinished" SelectBlockForWriteAll="1" SelectBlockForReadAll="1" Str_RamBlockDataAddress="Dem_PrimaryEntry_006" MaxNumReadRetries="0" RomBlockNum="0" BlockJobPriority="1" Str_NvBlockLength="24" NvRamBlockIdentifier="0" NvBlockBaseNumber="14" CalcRamBlockCrc="0" BlockWriteProt="0" WriteBlockOnce="0" MaxNumWriteRetries="0" BlockUseSetRamBlockStatus="0" Str_InitFun="NULL" NvBlockNum="0"/>
        </NVMBlockConfig>
        <FEEBlockConfig>
            <FEEBlockConfig: FEE_NUM_PARTITIONS="1"/>
            <FEEBlockConfig: FEE_MAX_LENGTH="216"/>
            <FEEBlockConfig: FEE_SECTOR_NUMBER="30"/>
            <FEEBlockConfig: FEE_SECTOR_SIZE="2048"/>
            <FEEBlockConfig: FEE_SECTOR_HEADER_SIZE="8"/>
            <FEEBlockConfig: FEE_SECTOR_FOOTER_SIZE="8"/>
            <FEEBlockConfig: FEE_HEADER_SIZE="8"/>
        </FEEBlockConfig>
    </NVMConfig>
</DiagConfigs>
