<DiagConfigs>
    <DcmConfig>
        <DcmGeneralConfig>
            <DcmGeneralConfig: DcmTesterResponseAddr="1"/>
            <DcmGeneralConfig: DcmTesterSourcePhyAddr="1"/>
            <DcmGeneralConfig: DcmTesterSourceFuncAddr="0"/>
            <DcmGeneralConfig: DcmDslBufferSize="4095"/>
        </DcmGeneralConfig>
        <DidConfig>
            <DidConfig: DataLen="0" IsOnlyEol="0" Did="a1a1" Operation="2"/>
            <DidConfig: DataLen="11" IsOnlyEol="0" Did="f190" Operation="2"/>
            <DidConfig: DataLen="0" IsOnlyEol="0" Did="f193" Operation="2"/>
            <DidConfig: DataLen="4" IsOnlyEol="0" Did="f195" Operation="1"/>
            <DidConfig: DataLen="0" IsOnlyEol="0" Did="f1b1" Operation="3"/>
            <DidConfig: DataLen="0" IsOnlyEol="0" Did="f187" Operation="1"/>
            <DidConfig: DataLen="2000" IsOnlyEol="0" Did="f18a" Operation="1"/>
            <DidConfig: DataLen="1000" IsOnlyEol="0" Did="f18c" Operation="3"/>
            <DidConfig: DataLen="13" IsOnlyEol="0" Did="f1a2" Operation="1"/>
            <DidConfig: DataLen="4" IsOnlyEol="0" Did="f1b5" Operation="1"/>
            <DidConfig: DataLen="0" IsOnlyEol="0" Did="f189" Operation="1"/>
            <DidConfig: DataLen="0" IsOnlyEol="0" Did="f1c0" Operation="1"/>
            <DidConfig: DataLen="0" IsOnlyEol="0" Did="f1c1" Operation="1"/>
            <DidConfig: DataLen="4" IsOnlyEol="0" Did="f299" Operation="3"/>
            <DidConfig: DataLen="10" IsOnlyEol="0" Did="f298" Operation="3"/>
            <DidConfig: DataLen="2" IsOnlyEol="1" Did="f297" Operation="3"/>
        </DidConfig>
        <RidConfig>
            <RidConfig: Rid="202" Operation="15" RoutineControlOptionRecord="0" RoutineType="6"/>
            <RidConfig: Rid="203" Operation="15" RoutineControlOptionRecord="0" RoutineType="6"/>
            <RidConfig: Rid="ff01" Operation="15" RoutineControlOptionRecord="0" RoutineType="6"/>
            <RidConfig: Rid="f103" Operation="15" RoutineControlOptionRecord="0" RoutineType="6"/>
            <RidConfig: Rid="f104" Operation="15" RoutineControlOptionRecord="0" RoutineType="6"/>
            <RidConfig: Rid="f11e" Operation="15" RoutineControlOptionRecord="1" RoutineType="6"/>
        </RidConfig>
    </DcmConfig>
    <DemConfig>
        <OpCycleConfig>
            <OpCycleConfig: Type="0" Id="0" AutoStop="0" AutoStart="0"/>
            <OpCycleConfig: Type="0" Id="0" AutoStop="0" AutoStart="0"/>
            <OpCycleConfig: Type="0" Id="0" AutoStop="0" AutoStart="0"/>
            <OpCycleConfig: Type="0" Id="0" AutoStop="1" AutoStart="1"/>
        </OpCycleConfig>
        <DebounceConfig>
            <DebounceConfig: PassedThershold="0" DecStepSize="0" JumpUp="0" PassedTimeThershold="100" IncStepSize="0" FailedThershold="0" behavior="1" AlgoClass="3" FailedTimeThershold="100" JumpDownValue="0" JumpDown="0" JumpUpValue="0"/>
            <DebounceConfig: PassedThershold="-128" DecStepSize="-1" JumpUp="0" PassedTimeThershold="0" IncStepSize="1" FailedThershold="127" behavior="1" AlgoClass="3" FailedTimeThershold="0" JumpDownValue="0" JumpDown="0" JumpUpValue="0"/>
            <DebounceConfig: PassedThershold="0" DecStepSize="0" JumpUp="0" PassedTimeThershold="0" IncStepSize="0" FailedThershold="0" behavior="1" AlgoClass="3" FailedTimeThershold="0" JumpDownValue="0" JumpDown="0" JumpUpValue="0"/>
        </DebounceConfig>
        <DTCConfig>
            <DTCConfig: DebounceTableRef="255" Value="ffffff" AvailableStatus="0" AttrbsRef="0" AgingAllowed="0" EventKind="0" Id="0" DemCallbackInitMForE="((void *) 0)" AgingThershold="255" FailureCycleCounterThershold="255" ImmediateNvStorageAllowed="0" DTCTableRef="0" EnableConditionRef="0" AgingOpCycleRef="4" OpCycleRef="4" StorageConditionRef="0"/>
            <DTCConfig: DebounceTableRef="255" Value="0" AvailableStatus="1" AttrbsRef="1" AgingAllowed="1" EventKind="0" Id="1" DemCallbackInitMForE="((void *) 0)" AgingThershold="40" FailureCycleCounterThershold="255" ImmediateNvStorageAllowed="1" DTCTableRef="1" EnableConditionRef="0" AgingOpCycleRef="0" OpCycleRef="2" StorageConditionRef="0"/>
            <DTCConfig: DebounceTableRef="255" Value="0" AvailableStatus="1" AttrbsRef="2" AgingAllowed="1" EventKind="1" Id="2" DemCallbackInitMForE="((void *) 0)" AgingThershold="40" FailureCycleCounterThershold="255" ImmediateNvStorageAllowed="1" DTCTableRef="2" EnableConditionRef="0" AgingOpCycleRef="0" OpCycleRef="2" StorageConditionRef="0"/>
            <DTCConfig: DebounceTableRef="1" Value="c14087" AvailableStatus="1" AttrbsRef="3" AgingAllowed="1" EventKind="0" Id="3" DemCallbackInitMForE="((void *) 0)" AgingThershold="40" FailureCycleCounterThershold="255" ImmediateNvStorageAllowed="1" DTCTableRef="3" EnableConditionRef="0" AgingOpCycleRef="0" OpCycleRef="3" StorageConditionRef="0"/>
            <DTCConfig: DebounceTableRef="0" Value="d10017" AvailableStatus="1" AttrbsRef="4" AgingAllowed="1" EventKind="0" Id="4" DemCallbackInitMForE="((void *) 0)" AgingThershold="40" FailureCycleCounterThershold="255" ImmediateNvStorageAllowed="1" DTCTableRef="4" EnableConditionRef="0" AgingOpCycleRef="3" OpCycleRef="3" StorageConditionRef="0"/>
            <DTCConfig: DebounceTableRef="0" Value="d10116" AvailableStatus="1" AttrbsRef="5" AgingAllowed="1" EventKind="0" Id="5" DemCallbackInitMForE="((void *) 0)" AgingThershold="40" FailureCycleCounterThershold="255" ImmediateNvStorageAllowed="1" DTCTableRef="5" EnableConditionRef="0" AgingOpCycleRef="3" OpCycleRef="3" StorageConditionRef="0"/>
            <DTCConfig: DebounceTableRef="0" Value="c07388" AvailableStatus="1" AttrbsRef="6" AgingAllowed="1" EventKind="0" Id="6" DemCallbackInitMForE="((void *) 0)" AgingThershold="40" FailureCycleCounterThershold="255" ImmediateNvStorageAllowed="1" DTCTableRef="6" EnableConditionRef="0" AgingOpCycleRef="3" OpCycleRef="3" StorageConditionRef="0"/>
            <DTCConfig: DebounceTableRef="0" Value="900a98" AvailableStatus="1" AttrbsRef="7" AgingAllowed="1" EventKind="0" Id="7" DemCallbackInitMForE="((void *) 0)" AgingThershold="40" FailureCycleCounterThershold="255" ImmediateNvStorageAllowed="1" DTCTableRef="7" EnableConditionRef="0" AgingOpCycleRef="3" OpCycleRef="3" StorageConditionRef="0"/>
            <DTCConfig: DebounceTableRef="0" Value="900a81" AvailableStatus="1" AttrbsRef="8" AgingAllowed="1" EventKind="0" Id="8" DemCallbackInitMForE="((void *) 0)" AgingThershold="40" FailureCycleCounterThershold="255" ImmediateNvStorageAllowed="1" DTCTableRef="8" EnableConditionRef="0" AgingOpCycleRef="3" OpCycleRef="3" StorageConditionRef="0"/>
            <DTCConfig: DebounceTableRef="0" Value="900a96" AvailableStatus="1" AttrbsRef="9" AgingAllowed="1" EventKind="0" Id="9" DemCallbackInitMForE="((void *) 0)" AgingThershold="40" FailureCycleCounterThershold="255" ImmediateNvStorageAllowed="1" DTCTableRef="9" EnableConditionRef="0" AgingOpCycleRef="3" OpCycleRef="3" StorageConditionRef="0"/>
            <DTCConfig: DebounceTableRef="1" Value="222222" AvailableStatus="1" AttrbsRef="10" AgingAllowed="1" EventKind="0" Id="10" DemCallbackInitMForE="((void *) 0)" AgingThershold="40" FailureCycleCounterThershold="255" ImmediateNvStorageAllowed="1" DTCTableRef="10" EnableConditionRef="0" AgingOpCycleRef="3" OpCycleRef="3" StorageConditionRef="0"/>
            <DTCConfig: DebounceTableRef="1" Value="333333" AvailableStatus="1" AttrbsRef="11" AgingAllowed="1" EventKind="0" Id="11" DemCallbackInitMForE="((void *) 0)" AgingThershold="40" FailureCycleCounterThershold="255" ImmediateNvStorageAllowed="1" DTCTableRef="11" EnableConditionRef="0" AgingOpCycleRef="3" OpCycleRef="3" StorageConditionRef="0"/>
        </DTCConfig>
    </DemConfig>
    <NVMConfig>
        <NVMBlockConfig>
            <NVMBlockConfig: Str_RamBlockDataAddress="NULL" MaxNumWriteRetries="0" BlockCrcType="2" Str_InitFun="NULL" BlockUseSetRamBlockStatus="0" NvRamDeviceId="0" NvRamBlockIdentifier="0" NvBlockBaseNumber="0" Str_BlockName="NvMConf___MultiBlockRequest" CalcRamBlockCrc="0" Str_RomBlockDefaultData="0" Str_NvBlockLength="0" MaxNumReadRetries="0" Str_RomBlockDataAddress="NULL" WriteBlockOnce="0" RomBlockNum="0" BswMBlockStatusInformation="0" BlockUseCrc="0" SelectBlockForReadAll="1" BlockWriteProt="0" Str_JobFinishedFunction="NULL" BlockManagementType="1" SelectBlockForWriteAll="1" NvBlockNum="0" BlockJobPriority="1"/>
            <NVMBlockConfig: Str_RamBlockDataAddress="NvMConfigBlock_RamBlock_au8" MaxNumWriteRetries="0" BlockCrcType="2" Str_InitFun="NULL" BlockUseSetRamBlockStatus="0" NvRamDeviceId="0" NvRamBlockIdentifier="0" NvBlockBaseNumber="1" Str_BlockName="NvMConf_NvMBlockDescriptor_NvMConfigBlock" CalcRamBlockCrc="0" Str_RomBlockDefaultData="0" Str_NvBlockLength="32" MaxNumReadRetries="0" Str_RomBlockDataAddress="NULL" WriteBlockOnce="0" RomBlockNum="0" BswMBlockStatusInformation="0" BlockUseCrc="0" SelectBlockForReadAll="1" BlockWriteProt="0" Str_JobFinishedFunction="NULL" BlockManagementType="2" SelectBlockForWriteAll="1" NvBlockNum="0" BlockJobPriority="1"/>
            <NVMBlockConfig: Str_RamBlockDataAddress="NvmRamData_VIN" MaxNumWriteRetries="0" BlockCrcType="2" Str_InitFun="NULL" BlockUseSetRamBlockStatus="0" NvRamDeviceId="0" NvRamBlockIdentifier="0" NvBlockBaseNumber="2" Str_BlockName="NvMConf_NvMBlockDescriptor_VIN" CalcRamBlockCrc="0" Str_RomBlockDefaultData="0x4C, 0x58, 0x57, 0x59, 0x45, 0x50, 0x47, 0x32, 0x38, 0x4A, 0x48, 0x30, 0x30, 0x31, 0x37, 0x35, 0x32" Str_NvBlockLength="17" MaxNumReadRetries="0" Str_RomBlockDataAddress="NvmRomData_VIN" WriteBlockOnce="0" RomBlockNum="0" BswMBlockStatusInformation="0" BlockUseCrc="0" SelectBlockForReadAll="1" BlockWriteProt="0" Str_JobFinishedFunction="Rte_Call_VIN_JobFinished" BlockManagementType="0" SelectBlockForWriteAll="1" NvBlockNum="0" BlockJobPriority="1"/>
            <NVMBlockConfig: Str_RamBlockDataAddress="NvmRamData_EcuConfig" MaxNumWriteRetries="0" BlockCrcType="2" Str_InitFun="NULL" BlockUseSetRamBlockStatus="0" NvRamDeviceId="0" NvRamBlockIdentifier="0" NvBlockBaseNumber="3" Str_BlockName="NvMConf_NvMBlockDescriptor_EcuConfig" CalcRamBlockCrc="0" Str_RomBlockDefaultData="0xFF, 0xFF, 0xFF, 0xFF, 0xFF, 0xFF, 0xFF, 0xFF, 0xFF, 0xFF, 0xFF, 0xFF, 0xFF, 0xFF, 0xFF, 0xFF, 0xFF, 0xFF, 0xFF, 0xFF,0xFF, 0xFF, 0xFF, 0xFF, 0xFF, 0xFF, 0xFF, 0xFF, 0xFF, 0xFF, 0xFF, 0xFF, 0xFF, 0xFF, 0xFF, 0xFF, 0xFF, 0xFF, 0xFF, 0xFF,0xFF, 0xFF, 0xFF, 0xFF, 0xFF, 0xFF, 0xFF, 0xFF, 0xFF, 0xFF, 0xFF, 0xFF, 0xFF, 0xFF, 0xFF, 0xFF, 0xFF, 0xFF, 0xFF, 0xFF,0xFF, 0xFF, 0xFF, 0xFF, 0xFF, 0xFF, 0xFF, 0xFF, 0xFF, 0xFF, 0xFF, 0xFF, 0xFF, 0xFF, 0xFF, 0xFF, 0xFF, 0xFF, 0xFF, 0xFF,0xFF, 0xFF, 0xFF, 0xFF, 0xFF, 0xFF, 0xFF, 0xFF, 0xFF, 0xFF, 0xFF, 0xFF, 0xFF, 0xFF, 0xFF, 0xFF, 0xFF, 0xFF, 0xFF, 0xFF,0xFF, 0xFF, 0xFF, 0xFF, 0xFF, 0xFF, 0xFF, 0xFF, 0xFF, 0xFF, 0xFF, 0xFF, 0xFF, 0xFF, 0xFF, 0xFF, 0xFF, 0xFF, 0xFF, 0xFF,0xFF, 0xFF, 0xFF, 0xFF, 0xFF, 0xFF, 0xFF, 0xFF, 0xFF, 0xFF, 0xFF, 0xFF, 0xFF, 0xFF, 0xFF, 0xFF, 0xFF, 0xFF, 0xFF, 0xFF,0xFF, 0xFF, 0xFF, 0xFF, 0xFF, 0xFF, 0xFF, 0xFF, 0xFF, 0xFF, 0xFF, 0xFF, 0xFF, 0xFF, 0xFF, 0xFF, 0xFF, 0xFF, 0xFF, 0xFF,0xFF, 0xFF, 0xFF, 0xFF, 0xFF, 0xFF, 0xFF, 0xFF, 0xFF, 0xFF, 0xFF, 0xFF, 0xFF, 0xFF, 0xFF, 0xFF, 0xFF, 0xFF, 0xFF, 0xFF,0xFF, 0xFF, 0xFF, 0xFF, 0xFF, 0xFF, 0xFF, 0xFF, 0xFF, 0xFF, 0xFF, 0xFF, 0xFF, 0xFF, 0xFF, 0xFF, 0xFF, 0xFF, 0xFF, 0xFF" Str_NvBlockLength="200" MaxNumReadRetries="0" Str_RomBlockDataAddress="NvmRomData_EcuConfig" WriteBlockOnce="0" RomBlockNum="0" BswMBlockStatusInformation="0" BlockUseCrc="0" SelectBlockForReadAll="1" BlockWriteProt="0" Str_JobFinishedFunction="Rte_Call_EcuConfig_JobFinished" BlockManagementType="0" SelectBlockForWriteAll="1" NvBlockNum="0" BlockJobPriority="1"/>
            <NVMBlockConfig: Str_RamBlockDataAddress="NvmRamData_EIDCConfig" MaxNumWriteRetries="0" BlockCrcType="2" Str_InitFun="NULL" BlockUseSetRamBlockStatus="0" NvRamDeviceId="0" NvRamBlockIdentifier="0" NvBlockBaseNumber="4" Str_BlockName="NvMConf_NvMBlockDescriptor_EIDCConfig" CalcRamBlockCrc="0" Str_RomBlockDefaultData="0,1,0,2,0,0,0,0" Str_NvBlockLength="8" MaxNumReadRetries="0" Str_RomBlockDataAddress="NvmRomData_EIDCConfig" WriteBlockOnce="0" RomBlockNum="0" BswMBlockStatusInformation="0" BlockUseCrc="0" SelectBlockForReadAll="1" BlockWriteProt="0" Str_JobFinishedFunction="Rte_Call_EIDCConfig_JobFinished" BlockManagementType="0" SelectBlockForWriteAll="1" NvBlockNum="0" BlockJobPriority="1"/>
            <NVMBlockConfig: Str_RamBlockDataAddress="Dem_Cfg_OpCycle" MaxNumWriteRetries="0" BlockCrcType="2" Str_InitFun="NULL" BlockUseSetRamBlockStatus="0" NvRamDeviceId="0" NvRamBlockIdentifier="0" NvBlockBaseNumber="5" Str_BlockName="DemCfg_NvMBlockDescriptor_OpCycle" CalcRamBlockCrc="0" Str_RomBlockDefaultData="0" Str_NvBlockLength="sizeof(Dem_Cfg_OpCycleType)" MaxNumReadRetries="0" Str_RomBlockDataAddress="DemCfg_OpCycle_Default" WriteBlockOnce="0" RomBlockNum="0" BswMBlockStatusInformation="0" BlockUseCrc="0" SelectBlockForReadAll="1" BlockWriteProt="0" Str_JobFinishedFunction="Dem_NvM_JobFinished" BlockManagementType="0" SelectBlockForWriteAll="1" NvBlockNum="0" BlockJobPriority="1"/>
            <NVMBlockConfig: Str_RamBlockDataAddress="Dem_Cfg_AdminData" MaxNumWriteRetries="0" BlockCrcType="2" Str_InitFun="NULL" BlockUseSetRamBlockStatus="0" NvRamDeviceId="0" NvRamBlockIdentifier="0" NvBlockBaseNumber="6" Str_BlockName="DemCfg_NvMBlockDescriptor_DemAdmin" CalcRamBlockCrc="0" Str_RomBlockDefaultData="0" Str_NvBlockLength="sizeof(Dem_Cfg_AdminDataType)" MaxNumReadRetries="0" Str_RomBlockDataAddress="DemCfg_AdminData_Default" WriteBlockOnce="0" RomBlockNum="0" BswMBlockStatusInformation="0" BlockUseCrc="0" SelectBlockForReadAll="1" BlockWriteProt="0" Str_JobFinishedFunction="Dem_NvM_JobFinished" BlockManagementType="0" SelectBlockForWriteAll="1" NvBlockNum="0" BlockJobPriority="1"/>
            <NVMBlockConfig: Str_RamBlockDataAddress="Dem_Cfg_StatusData" MaxNumWriteRetries="0" BlockCrcType="2" Str_InitFun="NULL" BlockUseSetRamBlockStatus="0" NvRamDeviceId="0" NvRamBlockIdentifier="0" NvBlockBaseNumber="7" Str_BlockName="DemCfg_NvMBlockDescriptor_DemStatus" CalcRamBlockCrc="0" Str_RomBlockDefaultData="0" Str_NvBlockLength="sizeof(Dem_Cfg_UdsStatusDataType)" MaxNumReadRetries="0" Str_RomBlockDataAddress="DemCfg_StatusData_Default" WriteBlockOnce="0" RomBlockNum="0" BswMBlockStatusInformation="0" BlockUseCrc="0" SelectBlockForReadAll="1" BlockWriteProt="0" Str_JobFinishedFunction="Dem_NvM_JobFinished" BlockManagementType="0" SelectBlockForWriteAll="1" NvBlockNum="0" BlockJobPriority="1"/>
            <NVMBlockConfig: Str_RamBlockDataAddress="Dem_PrimaryEntry_000" MaxNumWriteRetries="0" BlockCrcType="2" Str_InitFun="NULL" BlockUseSetRamBlockStatus="0" NvRamDeviceId="1" NvRamBlockIdentifier="0" NvBlockBaseNumber="8" Str_BlockName="DemCfg_NvMBlockDescriptor_DemPrimary_000" CalcRamBlockCrc="0" Str_RomBlockDefaultData="0" Str_NvBlockLength="sizeof(Dem_Cfg_PrimaryMemEntryType)" MaxNumReadRetries="0" Str_RomBlockDataAddress="Dem_MemoryEntryInit" WriteBlockOnce="0" RomBlockNum="0" BswMBlockStatusInformation="0" BlockUseCrc="0" SelectBlockForReadAll="1" BlockWriteProt="0" Str_JobFinishedFunction="Dem_NvM_JobFinished" BlockManagementType="0" SelectBlockForWriteAll="1" NvBlockNum="0" BlockJobPriority="1"/>
            <NVMBlockConfig: Str_RamBlockDataAddress="Dem_PrimaryEntry_001" MaxNumWriteRetries="0" BlockCrcType="2" Str_InitFun="NULL" BlockUseSetRamBlockStatus="0" NvRamDeviceId="1" NvRamBlockIdentifier="0" NvBlockBaseNumber="9" Str_BlockName="DemCfg_NvMBlockDescriptor_DemPrimary_001" CalcRamBlockCrc="0" Str_RomBlockDefaultData="0" Str_NvBlockLength="sizeof(Dem_Cfg_PrimaryMemEntryType)" MaxNumReadRetries="0" Str_RomBlockDataAddress="Dem_MemoryEntryInit" WriteBlockOnce="0" RomBlockNum="0" BswMBlockStatusInformation="0" BlockUseCrc="0" SelectBlockForReadAll="1" BlockWriteProt="0" Str_JobFinishedFunction="Dem_NvM_JobFinished" BlockManagementType="0" SelectBlockForWriteAll="1" NvBlockNum="0" BlockJobPriority="1"/>
            <NVMBlockConfig: Str_RamBlockDataAddress="Dem_PrimaryEntry_002" MaxNumWriteRetries="0" BlockCrcType="2" Str_InitFun="NULL" BlockUseSetRamBlockStatus="0" NvRamDeviceId="0" NvRamBlockIdentifier="0" NvBlockBaseNumber="10" Str_BlockName="DemCfg_NvMBlockDescriptor_DemPrimary_002" CalcRamBlockCrc="0" Str_RomBlockDefaultData="0" Str_NvBlockLength="sizeof(Dem_Cfg_PrimaryMemEntryType)" MaxNumReadRetries="0" Str_RomBlockDataAddress="Dem_MemoryEntryInit" WriteBlockOnce="0" RomBlockNum="0" BswMBlockStatusInformation="0" BlockUseCrc="0" SelectBlockForReadAll="1" BlockWriteProt="0" Str_JobFinishedFunction="Dem_NvM_JobFinished" BlockManagementType="0" SelectBlockForWriteAll="1" NvBlockNum="0" BlockJobPriority="1"/>
            <NVMBlockConfig: Str_RamBlockDataAddress="Dem_PrimaryEntry_003" MaxNumWriteRetries="0" BlockCrcType="2" Str_InitFun="NULL" BlockUseSetRamBlockStatus="0" NvRamDeviceId="0" NvRamBlockIdentifier="0" NvBlockBaseNumber="11" Str_BlockName="DemCfg_NvMBlockDescriptor_DemPrimary_003" CalcRamBlockCrc="0" Str_RomBlockDefaultData="0" Str_NvBlockLength="sizeof(Dem_Cfg_PrimaryMemEntryType)" MaxNumReadRetries="0" Str_RomBlockDataAddress="Dem_MemoryEntryInit" WriteBlockOnce="0" RomBlockNum="0" BswMBlockStatusInformation="0" BlockUseCrc="0" SelectBlockForReadAll="1" BlockWriteProt="0" Str_JobFinishedFunction="Dem_NvM_JobFinished" BlockManagementType="0" SelectBlockForWriteAll="1" NvBlockNum="0" BlockJobPriority="1"/>
            <NVMBlockConfig: Str_RamBlockDataAddress="Dem_PrimaryEntry_004" MaxNumWriteRetries="0" BlockCrcType="2" Str_InitFun="NULL" BlockUseSetRamBlockStatus="0" NvRamDeviceId="0" NvRamBlockIdentifier="0" NvBlockBaseNumber="12" Str_BlockName="DemCfg_NvMBlockDescriptor_DemPrimary_004" CalcRamBlockCrc="0" Str_RomBlockDefaultData="0" Str_NvBlockLength="sizeof(Dem_Cfg_PrimaryMemEntryType)" MaxNumReadRetries="0" Str_RomBlockDataAddress="Dem_MemoryEntryInit" WriteBlockOnce="0" RomBlockNum="0" BswMBlockStatusInformation="0" BlockUseCrc="0" SelectBlockForReadAll="1" BlockWriteProt="0" Str_JobFinishedFunction="Dem_NvM_JobFinished" BlockManagementType="0" SelectBlockForWriteAll="1" NvBlockNum="0" BlockJobPriority="1"/>
            <NVMBlockConfig: Str_RamBlockDataAddress="Dem_PrimaryEntry_005" MaxNumWriteRetries="0" BlockCrcType="2" Str_InitFun="NULL" BlockUseSetRamBlockStatus="0" NvRamDeviceId="0" NvRamBlockIdentifier="0" NvBlockBaseNumber="13" Str_BlockName="DemCfg_NvMBlockDescriptor_DemPrimary_005" CalcRamBlockCrc="0" Str_RomBlockDefaultData="0" Str_NvBlockLength="sizeof(Dem_Cfg_PrimaryMemEntryType)" MaxNumReadRetries="0" Str_RomBlockDataAddress="Dem_MemoryEntryInit" WriteBlockOnce="0" RomBlockNum="0" BswMBlockStatusInformation="0" BlockUseCrc="0" SelectBlockForReadAll="1" BlockWriteProt="0" Str_JobFinishedFunction="Dem_NvM_JobFinished" BlockManagementType="0" SelectBlockForWriteAll="1" NvBlockNum="0" BlockJobPriority="1"/>
            <NVMBlockConfig: Str_RamBlockDataAddress="Dem_PrimaryEntry_006" MaxNumWriteRetries="0" BlockCrcType="2" Str_InitFun="NULL" BlockUseSetRamBlockStatus="0" NvRamDeviceId="0" NvRamBlockIdentifier="0" NvBlockBaseNumber="14" Str_BlockName="DemCfg_NvMBlockDescriptor_DemPrimary_006" CalcRamBlockCrc="0" Str_RomBlockDefaultData="0" Str_NvBlockLength="sizeof(Dem_Cfg_PrimaryMemEntryType)" MaxNumReadRetries="0" Str_RomBlockDataAddress="Dem_MemoryEntryInit" WriteBlockOnce="0" RomBlockNum="0" BswMBlockStatusInformation="0" BlockUseCrc="0" SelectBlockForReadAll="1" BlockWriteProt="0" Str_JobFinishedFunction="Dem_NvM_JobFinished" BlockManagementType="0" SelectBlockForWriteAll="1" NvBlockNum="0" BlockJobPriority="1"/>
            <NVMBlockConfig: Str_RamBlockDataAddress="Dem_PrimaryEntry_007" MaxNumWriteRetries="0" BlockCrcType="2" Str_InitFun="NULL" BlockUseSetRamBlockStatus="0" NvRamDeviceId="0" NvRamBlockIdentifier="0" NvBlockBaseNumber="15" Str_BlockName="DemCfg_NvMBlockDescriptor_DemPrimary_007" CalcRamBlockCrc="0" Str_RomBlockDefaultData="0" Str_NvBlockLength="sizeof(Dem_Cfg_PrimaryMemEntryType)" MaxNumReadRetries="0" Str_RomBlockDataAddress="Dem_MemoryEntryInit" WriteBlockOnce="0" RomBlockNum="0" BswMBlockStatusInformation="0" BlockUseCrc="0" SelectBlockForReadAll="1" BlockWriteProt="0" Str_JobFinishedFunction="Dem_NvM_JobFinished" BlockManagementType="2" SelectBlockForWriteAll="1" NvBlockNum="0" BlockJobPriority="1"/>
            <NVMBlockConfig: Str_RamBlockDataAddress="Dem_PrimaryEntry_008" MaxNumWriteRetries="0" BlockCrcType="2" Str_InitFun="NULL" BlockUseSetRamBlockStatus="0" NvRamDeviceId="0" NvRamBlockIdentifier="0" NvBlockBaseNumber="16" Str_BlockName="DemCfg_NvMBlockDescriptor_DemPrimary_008" CalcRamBlockCrc="0" Str_RomBlockDefaultData="0" Str_NvBlockLength="sizeof(Dem_Cfg_PrimaryMemEntryType)" MaxNumReadRetries="0" Str_RomBlockDataAddress="Dem_MemoryEntryInit" WriteBlockOnce="0" RomBlockNum="0" BswMBlockStatusInformation="0" BlockUseCrc="0" SelectBlockForReadAll="1" BlockWriteProt="0" Str_JobFinishedFunction="Dem_NvM_JobFinished" BlockManagementType="1" SelectBlockForWriteAll="1" NvBlockNum="0" BlockJobPriority="1"/>
        </NVMBlockConfig>
        <FEEBlockConfig>
            <FEEBlockConfig: FEE_NUM_PARTITIONS="1"/>
            <FEEBlockConfig: FEE_MAX_LENGTH="216"/>
            <FEEBlockConfig: FEE_SECTOR_NUMBER="30"/>
            <FEEBlockConfig: FEE_SECTOR_SIZE="2048"/>
            <FEEBlockConfig: FEE_SECTOR_HEADER_SIZE="8"/>
            <FEEBlockConfig: FEE_SECTOR_FOOTER_SIZE="8"/>
            <FEEBlockConfig: FEE_HEADER_SIZE="8"/>
        </FEEBlockConfig>
    </NVMConfig>
</DiagConfigs>
