<DiagConfigs>
    <DcmConfig>
        <DcmGeneralConfig>
            <DcmGeneralConfig: DcmTesterResponseAddr="2"/>
            <DcmGeneralConfig: DcmTesterSourcePhyAddr="1"/>
            <DcmGeneralConfig: DcmTesterSourceFuncAddr="0"/>
            <DcmGeneralConfig: DcmDslBufferSize="4095"/>
        </DcmGeneralConfig>
        <DidConfig/>
        <RidConfig/>
    </DcmConfig>
    <DemConfig>
        <OpCycleConfig>
            <OpCycleConfig: Type="0" Id="0" AutoStop="0" AutoStart="0"/>
            <OpCycleConfig: Type="0" Id="0" AutoStop="0" AutoStart="0"/>
            <OpCycleConfig: Type="0" Id="0" AutoStop="0" AutoStart="0"/>
            <OpCycleConfig: Type="0" Id="0" AutoStop="1" AutoStart="1"/>
        </OpCycleConfig>
        <DebounceConfig>
            <DebounceConfig: FailedThershold="0" JumpUpValue="0" FailedTimeThershold="100" IncStepSize="0" DecStepSize="0" JumpUp="0" PassedThershold="0" AlgoClass="1" JumpDownValue="0" behavior="1" PassedTimeThershold="100" JumpDown="0"/>
            <DebounceConfig: FailedThershold="127" JumpUpValue="0" FailedTimeThershold="0" IncStepSize="1" DecStepSize="-1" JumpUp="0" PassedThershold="-128" AlgoClass="0" JumpDownValue="0" behavior="1" PassedTimeThershold="0" JumpDown="0"/>
            <DebounceConfig: FailedThershold="0" JumpUpValue="0" FailedTimeThershold="0" IncStepSize="0" DecStepSize="0" JumpUp="0" PassedThershold="0" AlgoClass="3" JumpDownValue="0" behavior="1" PassedTimeThershold="0" JumpDown="0"/>
        </DebounceConfig>
        <DTCConfig>
            <DTCConfig: OpCycleRef="4" ImmediateNvStorageAllowed="0" AvailableStatus="0" EnableConditionRef="0" AgingThershold="255" EventKind="0" AgingAllowed="0" DemCallbackInitMForE="((void *) 0)" Id="0" Value="ffffff" FailureCycleCounterThershold="255" DebounceTableRef="255" StorageConditionRef="0" AttrbsRef="0" DTCTableRef="0" AgingOpCycleRef="4"/>
            <DTCConfig: OpCycleRef="2" ImmediateNvStorageAllowed="1" AvailableStatus="1" EnableConditionRef="0" AgingThershold="40" EventKind="0" AgingAllowed="1" DemCallbackInitMForE="((void *) 0)" Id="1" Value="0" FailureCycleCounterThershold="255" DebounceTableRef="255" StorageConditionRef="0" AttrbsRef="1" DTCTableRef="1" AgingOpCycleRef="0"/>
            <DTCConfig: OpCycleRef="2" ImmediateNvStorageAllowed="1" AvailableStatus="1" EnableConditionRef="0" AgingThershold="40" EventKind="1" AgingAllowed="1" DemCallbackInitMForE="((void *) 0)" Id="2" Value="0" FailureCycleCounterThershold="255" DebounceTableRef="255" StorageConditionRef="0" AttrbsRef="2" DTCTableRef="2" AgingOpCycleRef="0"/>
        </DTCConfig>
    </DemConfig>
    <NVMConfig>
        <NVMBlockConfig>
            <NVMBlockConfig: BswMBlockStatusInformation="0" Str_RomBlockDefaultData="NULL" BlockUseCrc="0" Str_RomBlockDataAddress="NULL" BlockManagementType="0" Str_BlockName="NvMConf___MultiBlockRequest " BlockCrcType="0" NvRamDeviceId="0" Str_JobFinishedFunction="NULL" SelectBlockForWriteAll="0" SelectBlockForReadAll="2" Str_RamBlockDataAddress="NULL" MaxNumReadRetries="0" RomBlockNum="0" BlockJobPriority="1" Str_NvBlockLength="0" NvRamBlockIdentifier="0" NvBlockBaseNumber="0" CalcRamBlockCrc="0" BlockWriteProt="0" WriteBlockOnce="0" MaxNumWriteRetries="0" BlockUseSetRamBlockStatus="0" Str_InitFun="NULL" NvBlockNum="0"/>
            <NVMBlockConfig: BswMBlockStatusInformation="0" Str_RomBlockDefaultData="NULL" BlockUseCrc="0" Str_RomBlockDataAddress="NULL" BlockManagementType="0" Str_BlockName="NvMConf_NvMBlockDescriptor_NvMConfigBlock" BlockCrcType="2" NvRamDeviceId="0" Str_JobFinishedFunction="NULL" SelectBlockForWriteAll="1" SelectBlockForReadAll="1" Str_RamBlockDataAddress="NvMConfigBlock_RamBlock_au8" MaxNumReadRetries="0" RomBlockNum="0" BlockJobPriority="1" Str_NvBlockLength="0" NvRamBlockIdentifier="0" NvBlockBaseNumber="1" CalcRamBlockCrc="0" BlockWriteProt="0" WriteBlockOnce="0" MaxNumWriteRetries="0" BlockUseSetRamBlockStatus="0" Str_InitFun="NULL" NvBlockNum="0"/>
            <NVMBlockConfig: BswMBlockStatusInformation="0" Str_RomBlockDefaultData="0" BlockUseCrc="0" Str_RomBlockDataAddress="DemCfg_OpCycle_Default" BlockManagementType="0" Str_BlockName="DemCfg_NvMBlockDescriptor_OpCycle" BlockCrcType="2" NvRamDeviceId="0" Str_JobFinishedFunction="Dem_NvM_JobFinished" SelectBlockForWriteAll="1" SelectBlockForReadAll="1" Str_RamBlockDataAddress="Dem_Cfg_OpCycle" MaxNumReadRetries="0" RomBlockNum="0" BlockJobPriority="1" Str_NvBlockLength="sizeof(Dem_Cfg_OpCycleType)" NvRamBlockIdentifier="0" NvBlockBaseNumber="2" CalcRamBlockCrc="0" BlockWriteProt="0" WriteBlockOnce="0" MaxNumWriteRetries="0" BlockUseSetRamBlockStatus="0" Str_InitFun="NULL" NvBlockNum="0"/>
            <NVMBlockConfig: BswMBlockStatusInformation="0" Str_RomBlockDefaultData="0" BlockUseCrc="0" Str_RomBlockDataAddress="DemCfg_AdminData_Default" BlockManagementType="0" Str_BlockName="DemCfg_NvMBlockDescriptor_DemAdmin" BlockCrcType="2" NvRamDeviceId="0" Str_JobFinishedFunction="Dem_NvM_JobFinished" SelectBlockForWriteAll="1" SelectBlockForReadAll="1" Str_RamBlockDataAddress="Dem_Cfg_AdminData" MaxNumReadRetries="0" RomBlockNum="0" BlockJobPriority="1" Str_NvBlockLength="sizeof(Dem_Cfg_AdminDataType)" NvRamBlockIdentifier="0" NvBlockBaseNumber="3" CalcRamBlockCrc="0" BlockWriteProt="0" WriteBlockOnce="0" MaxNumWriteRetries="0" BlockUseSetRamBlockStatus="0" Str_InitFun="NULL" NvBlockNum="0"/>
            <NVMBlockConfig: BswMBlockStatusInformation="0" Str_RomBlockDefaultData="0" BlockUseCrc="0" Str_RomBlockDataAddress="DemCfg_StatusData_Default" BlockManagementType="0" Str_BlockName="DemCfg_NvMBlockDescriptor_DemStatus" BlockCrcType="2" NvRamDeviceId="0" Str_JobFinishedFunction="Dem_NvM_JobFinished" SelectBlockForWriteAll="1" SelectBlockForReadAll="1" Str_RamBlockDataAddress="Dem_Cfg_StatusData" MaxNumReadRetries="0" RomBlockNum="0" BlockJobPriority="1" Str_NvBlockLength="sizeof(Dem_Cfg_UdsStatusDataType)" NvRamBlockIdentifier="0" NvBlockBaseNumber="4" CalcRamBlockCrc="0" BlockWriteProt="0" WriteBlockOnce="0" MaxNumWriteRetries="0" BlockUseSetRamBlockStatus="0" Str_InitFun="NULL" NvBlockNum="0"/>
        </NVMBlockConfig>
        <FEEBlockConfig>
            <FEEBlockConfig: FEE_NUM_PARTITIONS="1"/>
            <FEEBlockConfig: FEE_MAX_LENGTH="216"/>
            <FEEBlockConfig: FEE_SECTOR_NUMBER="30"/>
            <FEEBlockConfig: FEE_SECTOR_SIZE="2048"/>
            <FEEBlockConfig: FEE_SECTOR_HEADER_SIZE="8"/>
            <FEEBlockConfig: FEE_SECTOR_FOOTER_SIZE="8"/>
            <FEEBlockConfig: FEE_HEADER_SIZE="8"/>
        </FEEBlockConfig>
    </NVMConfig>
</DiagConfigs>
