<DiagConfigs>
    <DcmConfig>
        <DcmGeneralConfig>
            <DcmGeneralConfig: DcmTesterResponseAddr="2"/>
            <DcmGeneralConfig: DcmTesterSourcePhyAddr="1"/>
            <DcmGeneralConfig: DcmTesterSourceFuncAddr="0"/>
            <DcmGeneralConfig: DcmDslBufferSize="4095"/>
        </DcmGeneralConfig>
        <DidConfig>
            <DidConfig: Operation="3" DataLen="a" Did="a1a1"/>
            <DidConfig: Operation="4" DataLen="1" Did="f1b1"/>
            <DidConfig: Operation="1" DataLen="4" Did="f193"/>
            <DidConfig: Operation="1" DataLen="4" Did="f195"/>
        </DidConfig>
        <RidConfig>
            <RidConfig: Operation="f" RoutineControlOptionRecord="0" Rid="202" RoutineType="6"/>
            <RidConfig: Operation="f" RoutineControlOptionRecord="0" Rid="203" RoutineType="6"/>
            <RidConfig: Operation="f" RoutineControlOptionRecord="0" Rid="ff01" RoutineType="6"/>
            <RidConfig: Operation="f" RoutineControlOptionRecord="0" Rid="f103" RoutineType="6"/>
            <RidConfig: Operation="f" RoutineControlOptionRecord="0" Rid="f104" RoutineType="6"/>
            <RidConfig: Operation="f" RoutineControlOptionRecord="1" Rid="f11e" RoutineType="6"/>
        </RidConfig>
    </DcmConfig>
    <DemConfig>
        <OpCycleConfig>
            <OpCycleConfig: Id="0" Type="0" AutoStop="0" AutoStart="0"/>
            <OpCycleConfig: Id="1" Type="0" AutoStop="0" AutoStart="0"/>
            <OpCycleConfig: Id="2" Type="0" AutoStop="0" AutoStart="0"/>
            <OpCycleConfig: Id="3" Type="0" AutoStop="1" AutoStart="1"/>
        </OpCycleConfig>
        <DebounceConfig>
            <DebounceConfig: FailedThershold="0" behavior="1" IncStepSize="0" JumpUpValue="0" JumpDownValue="0" JumpUp="0" FailedTimeThershold="100" PassedThershold="0" AlgoClass="1" JumpDown="0" PassedTimeThershold="100" DecStepSize="0"/>
            <DebounceConfig: FailedThershold="127" behavior="1" IncStepSize="1" JumpUpValue="0" JumpDownValue="0" JumpUp="0" FailedTimeThershold="0" PassedThershold="-128" AlgoClass="0" JumpDown="0" PassedTimeThershold="0" DecStepSize="-1"/>
            <DebounceConfig: FailedThershold="0" behavior="1" IncStepSize="0" JumpUpValue="0" JumpDownValue="0" JumpUp="0" FailedTimeThershold="0" PassedThershold="0" AlgoClass="3" JumpDown="0" PassedTimeThershold="0" DecStepSize="0"/>
        </DebounceConfig>
        <DTCConfig>
            <DTCConfig: AttrbsRef="0" ImmediateNvStorageAllowed="0" AgingAllowed="0" AgingThershold="255" Id="0" AgingOpCycleRef="4" DemCallbackInitMForE="((void *) 0)" AvailableStatus="0" Value="ffffff" EventKind="0" DTCTableRef="0" FailureCycleCounterThershold="255" StorageConditionRef="0" EnableConditionRef="0" OpCycleRef="4" DebounceTableRef="255"/>
            <DTCConfig: AttrbsRef="1" ImmediateNvStorageAllowed="1" AgingAllowed="1" AgingThershold="40" Id="1" AgingOpCycleRef="0" DemCallbackInitMForE="((void *) 0)" AvailableStatus="1" Value="0" EventKind="0" DTCTableRef="1" FailureCycleCounterThershold="255" StorageConditionRef="0" EnableConditionRef="0" OpCycleRef="2" DebounceTableRef="255"/>
            <DTCConfig: AttrbsRef="2" ImmediateNvStorageAllowed="1" AgingAllowed="1" AgingThershold="40" Id="2" AgingOpCycleRef="0" DemCallbackInitMForE="((void *) 0)" AvailableStatus="1" Value="0" EventKind="1" DTCTableRef="2" FailureCycleCounterThershold="255" StorageConditionRef="0" EnableConditionRef="0" OpCycleRef="2" DebounceTableRef="255"/>
            <DTCConfig: AttrbsRef="3" ImmediateNvStorageAllowed="1" AgingAllowed="1" AgingThershold="40" Id="3" AgingOpCycleRef="0" DemCallbackInitMForE="((void *) 0)" AvailableStatus="1" Value="f00316" EventKind="0" DTCTableRef="3" FailureCycleCounterThershold="255" StorageConditionRef="0" EnableConditionRef="0" OpCycleRef="3" DebounceTableRef="0"/>
        </DTCConfig>
    </DemConfig>
</DiagConfigs>
