<DiagConfigs>
    <DcmConfig>
        <DcmGeneralConfig>
            <DcmGeneralConfig: DcmTesterResponseAddr="2"/>
            <DcmGeneralConfig: DcmTesterSourcePhyAddr="1"/>
            <DcmGeneralConfig: DcmTesterSourceFuncAddr="0"/>
            <DcmGeneralConfig: DcmDslBufferSize="4095"/>
        </DcmGeneralConfig>
        <DidConfig/>
        <RidConfig/>
    </DcmConfig>
    <DemConfig>
        <OpCycleConfig>
            <OpCycleConfig: Id="0" AutoStop="0" Type="0" AutoStart="0"/>
            <OpCycleConfig: Id="1" AutoStop="0" Type="0" AutoStart="0"/>
            <OpCycleConfig: Id="2" AutoStop="0" Type="0" AutoStart="0"/>
            <OpCycleConfig: Id="3" AutoStop="1" Type="0" AutoStart="1"/>
        </OpCycleConfig>
        <DebounceConfig>
            <DebounceConfig: JumpUp="0" JumpDown="0" DecStepSize="0" JumpUpValue="0" FailedTimeThershold="100" FailedThershold="0" IncStepSize="0" PassedThershold="0" AlgoClass="1" PassedTimeThershold="100" JumpDownValue="0" behavior="1"/>
            <DebounceConfig: JumpUp="0" JumpDown="0" DecStepSize="-1" JumpUpValue="0" FailedTimeThershold="0" FailedThershold="127" IncStepSize="1" PassedThershold="-128" AlgoClass="0" PassedTimeThershold="0" JumpDownValue="0" behavior="1"/>
            <DebounceConfig: JumpUp="0" JumpDown="0" DecStepSize="0" JumpUpValue="0" FailedTimeThershold="0" FailedThershold="0" IncStepSize="0" PassedThershold="0" AlgoClass="3" PassedTimeThershold="0" JumpDownValue="0" behavior="1"/>
        </DebounceConfig>
        <DTCConfig>
            <DTCConfig: AgingAllowed="0" DebounceTableRef="255" Id="0" FailureCycleCounterThershold="255" AgingOpCycleRef="4" EventKind="0" Value="ffffff" AgingThershold="255" AvailableStatus="0" StorageConditionRef="0" ImmediateNvStorageAllowed="0" OpCycleRef="4" AttrbsRef="0" DTCTableRef="0" EnableConditionRef="0" DemCallbackInitMForE="((void *) 0)"/>
            <DTCConfig: AgingAllowed="1" DebounceTableRef="255" Id="1" FailureCycleCounterThershold="255" AgingOpCycleRef="0" EventKind="0" Value="0" AgingThershold="40" AvailableStatus="1" StorageConditionRef="0" ImmediateNvStorageAllowed="1" OpCycleRef="2" AttrbsRef="1" DTCTableRef="1" EnableConditionRef="0" DemCallbackInitMForE="((void *) 0)"/>
            <DTCConfig: AgingAllowed="1" DebounceTableRef="255" Id="2" FailureCycleCounterThershold="255" AgingOpCycleRef="0" EventKind="1" Value="0" AgingThershold="40" AvailableStatus="1" StorageConditionRef="0" ImmediateNvStorageAllowed="1" OpCycleRef="2" AttrbsRef="2" DTCTableRef="2" EnableConditionRef="0" DemCallbackInitMForE="((void *) 0)"/>
            <DTCConfig: AgingAllowed="1" DebounceTableRef="0" Id="3" FailureCycleCounterThershold="255" AgingOpCycleRef="0" EventKind="0" Value="f00316" AgingThershold="40" AvailableStatus="1" StorageConditionRef="0" ImmediateNvStorageAllowed="1" OpCycleRef="3" AttrbsRef="3" DTCTableRef="3" EnableConditionRef="0" DemCallbackInitMForE="((void *) 0)"/>
        </DTCConfig>
    </DemConfig>
</DiagConfigs>
