<DiagConfigs>
    <DcmConfig>
        <DcmGeneralConfig>
            <DcmGeneralConfig: DcmTesterResponseAddr="2"/>
            <DcmGeneralConfig: DcmTesterSourcePhyAddr="1"/>
            <DcmGeneralConfig: DcmTesterSourceFuncAddr="0"/>
            <DcmGeneralConfig: DcmDslBufferSize="4095"/>
        </DcmGeneralConfig>
        <DidConfig>
            <DidConfig: Did="a1a1" DataLen="a" Operation="3"/>
            <DidConfig: Did="f1b1" DataLen="1" Operation="4"/>
            <DidConfig: Did="f193" DataLen="4" Operation="1"/>
            <DidConfig: Did="f195" DataLen="4" Operation="1"/>
        </DidConfig>
        <RidConfig>
            <RidConfig: Rid="202" RoutineType="6" RoutineControlOptionRecord="0" Operation="f"/>
            <RidConfig: Rid="203" RoutineType="6" RoutineControlOptionRecord="0" Operation="f"/>
            <RidConfig: Rid="ff01" RoutineType="6" RoutineControlOptionRecord="0" Operation="f"/>
            <RidConfig: Rid="f103" RoutineType="6" RoutineControlOptionRecord="0" Operation="f"/>
            <RidConfig: Rid="f104" RoutineType="6" RoutineControlOptionRecord="0" Operation="f"/>
            <RidConfig: Rid="f11e" RoutineType="6" RoutineControlOptionRecord="1" Operation="f"/>
        </RidConfig>
    </DcmConfig>
    <DemConfig>
        <OpCycleConfig>
            <OpCycleConfig: Id="0" AutoStart="0" AutoStop="0" Type="0"/>
            <OpCycleConfig: Id="1" AutoStart="0" AutoStop="0" Type="0"/>
            <OpCycleConfig: Id="2" AutoStart="0" AutoStop="0" Type="0"/>
            <OpCycleConfig: Id="3" AutoStart="1" AutoStop="1" Type="0"/>
        </OpCycleConfig>
        <DebounceConfig>
            <DebounceConfig: IncStepSize="0" JumpDownValue="0" JumpDown="0" FailedThershold="0" PassedTimeThershold="100" PassedThershold="0" DecStepSize="0" FailedTimeThershold="100" JumpUpValue="0" behavior="1" JumpUp="0" AlgoClass="1"/>
            <DebounceConfig: IncStepSize="1" JumpDownValue="0" JumpDown="0" FailedThershold="127" PassedTimeThershold="0" PassedThershold="0" DecStepSize="0" FailedTimeThershold="0" JumpUpValue="0" behavior="1" JumpUp="0" AlgoClass="0"/>
            <DebounceConfig: IncStepSize="0" JumpDownValue="0" JumpDown="0" FailedThershold="0" PassedTimeThershold="0" PassedThershold="0" DecStepSize="0" FailedTimeThershold="0" JumpUpValue="0" behavior="1" JumpUp="0" AlgoClass="3"/>
        </DebounceConfig>
        <DTCConfig>
            <DTCConfig: DemCallbackInitMForE="((void *) 0)" Id="0" AgingAllowed="0" ImmediateNvStorageAllowed="cd" DTCTableRef="0" AgingThershold="ff" EventKind="0" FailureCycleCounterThershold="ff" Value="ffffff" AttrbsRef="0" StorageConditionRef="0" AvailableStatus="0" AgingOpCycleRef="4" DebounceTableRef="ff" OpCycleRef="4" EnableConditionRef="0"/>
            <DTCConfig: DemCallbackInitMForE="((void *) 0)" Id="1" AgingAllowed="1" ImmediateNvStorageAllowed="cd" DTCTableRef="1" AgingThershold="28" EventKind="0" FailureCycleCounterThershold="ff" Value="0" AttrbsRef="1" StorageConditionRef="0" AvailableStatus="1" AgingOpCycleRef="0" DebounceTableRef="ff" OpCycleRef="2" EnableConditionRef="0"/>
            <DTCConfig: DemCallbackInitMForE="((void *) 0)" Id="2" AgingAllowed="1" ImmediateNvStorageAllowed="cd" DTCTableRef="2" AgingThershold="28" EventKind="1" FailureCycleCounterThershold="ff" Value="0" AttrbsRef="2" StorageConditionRef="0" AvailableStatus="1" AgingOpCycleRef="0" DebounceTableRef="ff" OpCycleRef="2" EnableConditionRef="0"/>
            <DTCConfig: DemCallbackInitMForE="((void *) 0)" Id="3" AgingAllowed="1" ImmediateNvStorageAllowed="cd" DTCTableRef="3" AgingThershold="28" EventKind="0" FailureCycleCounterThershold="ff" Value="f00316" AttrbsRef="3" StorageConditionRef="0" AvailableStatus="1" AgingOpCycleRef="0" DebounceTableRef="0" OpCycleRef="3" EnableConditionRef="0"/>
        </DTCConfig>
    </DemConfig>
</DiagConfigs>
