<DiagConfigs>
    <DcmConfig>
        <DcmGeneralConfig>
            <DcmGeneralConfig: DcmTesterResponseAddr="2"/>
            <DcmGeneralConfig: DcmTesterSourcePhyAddr="1"/>
            <DcmGeneralConfig: DcmTesterSourceFuncAddr="0"/>
            <DcmGeneralConfig: DcmDslBufferSize="4095"/>
        </DcmGeneralConfig>
        <DidConfig>
            <DidConfig: DataLen="a" Did="a1a1" Operation="3"/>
            <DidConfig: DataLen="1" Did="f1b1" Operation="4"/>
            <DidConfig: DataLen="4" Did="f193" Operation="1"/>
            <DidConfig: DataLen="4" Did="f195" Operation="1"/>
        </DidConfig>
        <RidConfig>
            <RidConfig: RoutineType="6" Operation="f" Rid="202" RoutineControlOptionRecord="0"/>
            <RidConfig: RoutineType="6" Operation="f" Rid="203" RoutineControlOptionRecord="0"/>
            <RidConfig: RoutineType="6" Operation="f" Rid="ff01" RoutineControlOptionRecord="0"/>
            <RidConfig: RoutineType="6" Operation="f" Rid="f103" RoutineControlOptionRecord="0"/>
            <RidConfig: RoutineType="6" Operation="f" Rid="f104" RoutineControlOptionRecord="0"/>
            <RidConfig: RoutineType="6" Operation="f" Rid="f11e" RoutineControlOptionRecord="1"/>
        </RidConfig>
    </DcmConfig>
    <DemConfig>
        <OpCycleConfig>
            <OpCycleConfig: Id="0" AutoStop="1" Type="0" AutoStart="1"/>
            <OpCycleConfig: Id="1" AutoStop="1" Type="0" AutoStart="1"/>
            <OpCycleConfig: Id="2" AutoStop="1" Type="0" AutoStart="1"/>
            <OpCycleConfig: Id="3" AutoStop="1" Type="0" AutoStart="1"/>
        </OpCycleConfig>
        <DebounceConfig>
            <DebounceConfig: JumpDownValue="0" PassedTimeThershold="100" JumpUp="0" JumpUpValue="0" AlgoClass="1" behavior="1" IncStepSize="0" PassedThershold="0" FailedTimeThershold="100" FailedThershold="0" DecStepSize="0" JumpDown="0"/>
            <DebounceConfig: JumpDownValue="0" PassedTimeThershold="0" JumpUp="0" JumpUpValue="0" AlgoClass="0" behavior="1" IncStepSize="1" PassedThershold="0" FailedTimeThershold="0" FailedThershold="127" DecStepSize="0" JumpDown="0"/>
            <DebounceConfig: JumpDownValue="0" PassedTimeThershold="0" JumpUp="0" JumpUpValue="0" AlgoClass="3" behavior="1" IncStepSize="0" PassedThershold="0" FailedTimeThershold="0" FailedThershold="0" DecStepSize="0" JumpDown="0"/>
        </DebounceConfig>
        <DTCConfig>
            <DTCConfig: DebounceTableRef="0" Id="0" Value="ffffff" AttrbsRef="0" FailureCycleCounterThershold="0" EnableConditionRef="0" AvailableStatus="0" AgingOpCycleRef="4" DTCTableRef="0" ImmediateNvStorageAllowed="0" DemCallbackInitMForE="((void *) 0)" EventKind="0" AgingThershold="0" OpCycleRef="4" StorageConditionRef="0" AgingAllowed="0"/>
            <DTCConfig: DebounceTableRef="0" Id="1" Value="0" AttrbsRef="1" FailureCycleCounterThershold="0" EnableConditionRef="0" AvailableStatus="1" AgingOpCycleRef="0" DTCTableRef="1" ImmediateNvStorageAllowed="0" DemCallbackInitMForE="((void *) 0)" EventKind="0" AgingThershold="28" OpCycleRef="2" StorageConditionRef="0" AgingAllowed="1"/>
            <DTCConfig: DebounceTableRef="0" Id="2" Value="0" AttrbsRef="2" FailureCycleCounterThershold="0" EnableConditionRef="0" AvailableStatus="1" AgingOpCycleRef="0" DTCTableRef="2" ImmediateNvStorageAllowed="0" DemCallbackInitMForE="((void *) 0)" EventKind="1" AgingThershold="28" OpCycleRef="2" StorageConditionRef="0" AgingAllowed="1"/>
            <DTCConfig: DebounceTableRef="0" Id="3" Value="f00316" AttrbsRef="3" FailureCycleCounterThershold="0" EnableConditionRef="0" AvailableStatus="1" AgingOpCycleRef="0" DTCTableRef="3" ImmediateNvStorageAllowed="0" DemCallbackInitMForE="((void *) 0)" EventKind="0" AgingThershold="28" OpCycleRef="3" StorageConditionRef="0" AgingAllowed="1"/>
        </DTCConfig>
    </DemConfig>
</DiagConfigs>
