<DiagConfigs>
    <DcmConfig>
        <DcmGeneralConfig>
            <DcmGeneralConfig: DcmTesterResponseAddr="2"/>
            <DcmGeneralConfig: DcmTesterSourcePhyAddr="1"/>
            <DcmGeneralConfig: DcmTesterSourceFuncAddr="0"/>
            <DcmGeneralConfig: DcmDslBufferSize="4095"/>
        </DcmGeneralConfig>
        <DidConfig>
            <DidConfig: Did="a1a1" Operation="3" DataLen="a"/>
            <DidConfig: Did="f1b1" Operation="4" DataLen="1"/>
            <DidConfig: Did="f193" Operation="1" DataLen="4"/>
            <DidConfig: Did="f195" Operation="1" DataLen="4"/>
        </DidConfig>
        <RidConfig>
            <RidConfig: Operation="f" RoutineControlOptionRecord="0" Rid="202" RoutineType="6"/>
            <RidConfig: Operation="f" RoutineControlOptionRecord="0" Rid="203" RoutineType="6"/>
            <RidConfig: Operation="f" RoutineControlOptionRecord="0" Rid="ff01" RoutineType="6"/>
            <RidConfig: Operation="f" RoutineControlOptionRecord="0" Rid="f103" RoutineType="6"/>
            <RidConfig: Operation="f" RoutineControlOptionRecord="0" Rid="f104" RoutineType="6"/>
            <RidConfig: Operation="f" RoutineControlOptionRecord="1" Rid="f11e" RoutineType="6"/>
        </RidConfig>
    </DcmConfig>
    <DemConfig>
        <OpCycleConfig>
            <OpCycleConfig: Id="0" Type="0" AutoStart="0" AutoStop="0"/>
            <OpCycleConfig: Id="1" Type="0" AutoStart="0" AutoStop="0"/>
            <OpCycleConfig: Id="2" Type="0" AutoStart="0" AutoStop="0"/>
            <OpCycleConfig: Id="3" Type="0" AutoStart="1" AutoStop="1"/>
        </OpCycleConfig>
        <DebounceConfig>
            <DebounceConfig: FailedTimeThershold="100" AlgoClass="1" behavior="1" DecStepSize="0" JumpUp="0" JumpUpValue="0" PassedThershold="0" PassedTimeThershold="100" IncStepSize="0" JumpDownValue="0" FailedThershold="0" JumpDown="0"/>
            <DebounceConfig: FailedTimeThershold="0" AlgoClass="0" behavior="1" DecStepSize="0" JumpUp="0" JumpUpValue="0" PassedThershold="0" PassedTimeThershold="0" IncStepSize="1" JumpDownValue="0" FailedThershold="127" JumpDown="0"/>
            <DebounceConfig: FailedTimeThershold="0" AlgoClass="3" behavior="1" DecStepSize="0" JumpUp="0" JumpUpValue="0" PassedThershold="0" PassedTimeThershold="0" IncStepSize="0" JumpDownValue="0" FailedThershold="0" JumpDown="0"/>
        </DebounceConfig>
        <DTCConfig>
            <DTCConfig: Value="ffffff" EventKind="0" OpCycleRef="4" AttrbsRef="0" Id="0" AgingThershold="ff" AgingAllowed="0" StorageConditionRef="0" AvailableStatus="0" ImmediateNvStorageAllowed="cd" DemCallbackInitMForE="((void *) 0)" DTCTableRef="0" AgingOpCycleRef="4" FailureCycleCounterThershold="ff" EnableConditionRef="0" DebounceTableRef="ff"/>
            <DTCConfig: Value="0" EventKind="0" OpCycleRef="2" AttrbsRef="1" Id="1" AgingThershold="28" AgingAllowed="1" StorageConditionRef="0" AvailableStatus="1" ImmediateNvStorageAllowed="cd" DemCallbackInitMForE="((void *) 0)" DTCTableRef="1" AgingOpCycleRef="0" FailureCycleCounterThershold="ff" EnableConditionRef="0" DebounceTableRef="ff"/>
            <DTCConfig: Value="0" EventKind="1" OpCycleRef="2" AttrbsRef="2" Id="2" AgingThershold="28" AgingAllowed="1" StorageConditionRef="0" AvailableStatus="1" ImmediateNvStorageAllowed="cd" DemCallbackInitMForE="((void *) 0)" DTCTableRef="2" AgingOpCycleRef="0" FailureCycleCounterThershold="ff" EnableConditionRef="0" DebounceTableRef="ff"/>
            <DTCConfig: Value="f00316" EventKind="0" OpCycleRef="3" AttrbsRef="3" Id="3" AgingThershold="28" AgingAllowed="1" StorageConditionRef="0" AvailableStatus="1" ImmediateNvStorageAllowed="cd" DemCallbackInitMForE="((void *) 0)" DTCTableRef="3" AgingOpCycleRef="0" FailureCycleCounterThershold="ff" EnableConditionRef="0" DebounceTableRef="0"/>
        </DTCConfig>
    </DemConfig>
</DiagConfigs>
