<DiagConfigs>
    <DcmConfig>
        <DcmGeneralConfig>
            <DcmGeneralConfig: DcmTesterResponseAddr="1"/>
            <DcmGeneralConfig: DcmTesterSourcePhyAddr="1"/>
            <DcmGeneralConfig: DcmTesterSourceFuncAddr="0"/>
            <DcmGeneralConfig: DcmDslBufferSize="4095"/>
        </DcmGeneralConfig>
        <DidConfig>
            <DidConfig: Did="a1a1" DataLen="a" Operation="3"/>
            <DidConfig: Did="f190" DataLen="11" Operation="3"/>
            <DidConfig: Did="f193" DataLen="f" Operation="1"/>
            <DidConfig: Did="f195" DataLen="4" Operation="1"/>
            <DidConfig: Did="f1b1" DataLen="c8" Operation="3"/>
            <DidConfig: Did="f187" DataLen="d" Operation="1"/>
            <DidConfig: Did="f18a" DataLen="8" Operation="1"/>
            <DidConfig: Did="f18c" DataLen="14" Operation="1"/>
            <DidConfig: Did="f1a2" DataLen="13" Operation="1"/>
            <DidConfig: Did="f1b5" DataLen="4" Operation="1"/>
            <DidConfig: Did="f189" DataLen="f" Operation="1"/>
            <DidConfig: Did="f1c0" DataLen="f" Operation="1"/>
            <DidConfig: Did="f1c1" DataLen="f" Operation="1"/>
        </DidConfig>
        <RidConfig>
            <RidConfig: RoutineControlOptionRecord="0" Operation="f" RoutineType="6" Rid="202"/>
            <RidConfig: RoutineControlOptionRecord="0" Operation="f" RoutineType="6" Rid="203"/>
            <RidConfig: RoutineControlOptionRecord="0" Operation="f" RoutineType="6" Rid="ff01"/>
            <RidConfig: RoutineControlOptionRecord="0" Operation="f" RoutineType="6" Rid="f103"/>
            <RidConfig: RoutineControlOptionRecord="0" Operation="f" RoutineType="6" Rid="f104"/>
            <RidConfig: RoutineControlOptionRecord="1" Operation="f" RoutineType="6" Rid="f11e"/>
        </RidConfig>
    </DcmConfig>
    <DemConfig>
        <OpCycleConfig>
            <OpCycleConfig: Id="0" Type="0" AutoStart="0" AutoStop="0"/>
            <OpCycleConfig: Id="1" Type="0" AutoStart="0" AutoStop="0"/>
            <OpCycleConfig: Id="2" Type="0" AutoStart="0" AutoStop="0"/>
            <OpCycleConfig: Id="3" Type="0" AutoStart="1" AutoStop="1"/>
        </OpCycleConfig>
        <DebounceConfig>
            <DebounceConfig: FailedTimeThershold="100" JumpUpValue="0" JumpDown="0" AlgoClass="1" JumpDownValue="0" PassedTimeThershold="100" DecStepSize="0" FailedThershold="0" IncStepSize="0" PassedThershold="0" JumpUp="0" behavior="1"/>
            <DebounceConfig: FailedTimeThershold="0" JumpUpValue="0" JumpDown="0" AlgoClass="0" JumpDownValue="0" PassedTimeThershold="0" DecStepSize="-1" FailedThershold="127" IncStepSize="1" PassedThershold="-128" JumpUp="0" behavior="1"/>
            <DebounceConfig: FailedTimeThershold="0" JumpUpValue="0" JumpDown="0" AlgoClass="3" JumpDownValue="0" PassedTimeThershold="0" DecStepSize="0" FailedThershold="0" IncStepSize="0" PassedThershold="0" JumpUp="0" behavior="1"/>
        </DebounceConfig>
        <DTCConfig>
            <DTCConfig: DemCallbackInitMForE="((void *) 0)" AgingThershold="255" AgingOpCycleRef="4" Value="ffffff" Id="0" StorageConditionRef="0" DebounceTableRef="255" EventKind="0" AttrbsRef="0" AgingAllowed="0" ImmediateNvStorageAllowed="0" EnableConditionRef="0" DTCTableRef="0" AvailableStatus="0" FailureCycleCounterThershold="255" OpCycleRef="4"/>
            <DTCConfig: DemCallbackInitMForE="((void *) 0)" AgingThershold="40" AgingOpCycleRef="0" Value="0" Id="1" StorageConditionRef="0" DebounceTableRef="255" EventKind="0" AttrbsRef="1" AgingAllowed="1" ImmediateNvStorageAllowed="1" EnableConditionRef="0" DTCTableRef="1" AvailableStatus="1" FailureCycleCounterThershold="255" OpCycleRef="2"/>
            <DTCConfig: DemCallbackInitMForE="((void *) 0)" AgingThershold="40" AgingOpCycleRef="0" Value="0" Id="2" StorageConditionRef="0" DebounceTableRef="255" EventKind="1" AttrbsRef="2" AgingAllowed="1" ImmediateNvStorageAllowed="1" EnableConditionRef="0" DTCTableRef="2" AvailableStatus="1" FailureCycleCounterThershold="255" OpCycleRef="2"/>
            <DTCConfig: DemCallbackInitMForE="((void *) 0)" AgingThershold="40" AgingOpCycleRef="0" Value="f00316" Id="3" StorageConditionRef="0" DebounceTableRef="0" EventKind="0" AttrbsRef="3" AgingAllowed="1" ImmediateNvStorageAllowed="1" EnableConditionRef="0" DTCTableRef="3" AvailableStatus="1" FailureCycleCounterThershold="255" OpCycleRef="3"/>
        </DTCConfig>
    </DemConfig>
    <NVMConfig>
        <NVMBlockConfig>
            <NVMBlockConfig: Str_RamBlockDataAddress="NULL" SelectBlockForReadAll="1" BlockCrcType="2" Str_RomBlockDataAddress="NULL" BswMBlockStatusInformation="0" SelectBlockForWriteAll="1" BlockUseCrc="0" Str_JobFinishedFunction="NULL" RomBlockNum="0" NvRamDeviceId="0" BlockManagementType="0" NvRamBlockIdentifier="0" MaxNumWriteRetries="0" Str_BlockName="NvMConf___MultiBlockRequest" BlockUseSetRamBlockStatus="0" WriteBlockOnce="0" MaxNumReadRetries="0" NvBlockLength="0" CalcRamBlockCrc="0" Str_InitFun="NULL" NvBlockBaseNumber="0" BlockWriteProt="0" NvBlockNum="0" BlockJobPriority="1" Str_RomBlockDefaultData="0"/>
            <NVMBlockConfig: Str_RamBlockDataAddress="NvMConfigBlock_RamBlock_au8" SelectBlockForReadAll="1" BlockCrcType="2" Str_RomBlockDataAddress="NULL" BswMBlockStatusInformation="0" SelectBlockForWriteAll="1" BlockUseCrc="0" Str_JobFinishedFunction="NULL" RomBlockNum="0" NvRamDeviceId="0" BlockManagementType="0" NvRamBlockIdentifier="0" MaxNumWriteRetries="0" Str_BlockName="NvMConf_NvMBlockDescriptor_NvMConfigBlock" BlockUseSetRamBlockStatus="0" WriteBlockOnce="0" MaxNumReadRetries="0" NvBlockLength="32" CalcRamBlockCrc="0" Str_InitFun="NULL" NvBlockBaseNumber="0" BlockWriteProt="0" NvBlockNum="0" BlockJobPriority="1" Str_RomBlockDefaultData="0"/>
            <NVMBlockConfig: Str_RamBlockDataAddress="Dem_Cfg_OpCycle" SelectBlockForReadAll="1" BlockCrcType="2" Str_RomBlockDataAddress="DemCfg_OpCycle_Default" BswMBlockStatusInformation="0" SelectBlockForWriteAll="1" BlockUseCrc="0" Str_JobFinishedFunction="Dem_NvM_JobFinished" RomBlockNum="0" NvRamDeviceId="0" BlockManagementType="0" NvRamBlockIdentifier="0" MaxNumWriteRetries="0" Str_BlockName="DemCfg_NvMBlockDescriptor_OpCycle" BlockUseSetRamBlockStatus="0" WriteBlockOnce="0" MaxNumReadRetries="0" NvBlockLength="9" CalcRamBlockCrc="0" Str_InitFun="NULL" NvBlockBaseNumber="2" BlockWriteProt="0" NvBlockNum="0" BlockJobPriority="1" Str_RomBlockDefaultData="0"/>
            <NVMBlockConfig: Str_RamBlockDataAddress="Dem_Cfg_AdminData" SelectBlockForReadAll="1" BlockCrcType="2" Str_RomBlockDataAddress="DemCfg_AdminData_Default" BswMBlockStatusInformation="0" SelectBlockForWriteAll="1" BlockUseCrc="0" Str_JobFinishedFunction="Dem_NvM_JobFinished" RomBlockNum="0" NvRamDeviceId="0" BlockManagementType="0" NvRamBlockIdentifier="0" MaxNumWriteRetries="0" Str_BlockName="DemCfg_NvMBlockDescriptor_DemAdmin" BlockUseSetRamBlockStatus="0" WriteBlockOnce="0" MaxNumReadRetries="0" NvBlockLength="20" CalcRamBlockCrc="0" Str_InitFun="NULL" NvBlockBaseNumber="3" BlockWriteProt="0" NvBlockNum="0" BlockJobPriority="1" Str_RomBlockDefaultData="0"/>
            <NVMBlockConfig: Str_RamBlockDataAddress="Dem_Cfg_StatusData" SelectBlockForReadAll="1" BlockCrcType="2" Str_RomBlockDataAddress="DemCfg_StatusData_Default" BswMBlockStatusInformation="0" SelectBlockForWriteAll="1" BlockUseCrc="0" Str_JobFinishedFunction="Dem_NvM_JobFinished" RomBlockNum="0" NvRamDeviceId="0" BlockManagementType="0" NvRamBlockIdentifier="0" MaxNumWriteRetries="0" Str_BlockName="DemCfg_NvMBlockDescriptor_DemStatus" BlockUseSetRamBlockStatus="0" WriteBlockOnce="0" MaxNumReadRetries="0" NvBlockLength="9" CalcRamBlockCrc="0" Str_InitFun="NULL" NvBlockBaseNumber="4" BlockWriteProt="0" NvBlockNum="0" BlockJobPriority="1" Str_RomBlockDefaultData="0"/>
            <NVMBlockConfig: Str_RamBlockDataAddress="NvmRamData_VIN" SelectBlockForReadAll="1" BlockCrcType="2" Str_RomBlockDataAddress="NvmRomData_VIN" BswMBlockStatusInformation="0" SelectBlockForWriteAll="1" BlockUseCrc="0" Str_JobFinishedFunction="Rte_Call_VIN_JobFinished" RomBlockNum="0" NvRamDeviceId="0" BlockManagementType="0" NvRamBlockIdentifier="0" MaxNumWriteRetries="0" Str_BlockName="NvMConf_NvMBlockDescriptor_VIN" BlockUseSetRamBlockStatus="0" WriteBlockOnce="0" MaxNumReadRetries="0" NvBlockLength="17" CalcRamBlockCrc="0" Str_InitFun="NULL" NvBlockBaseNumber="5" BlockWriteProt="0" NvBlockNum="0" BlockJobPriority="1" Str_RomBlockDefaultData="0x4C, 0x58, 0x57, 0x59, 0x45, 0x50, 0x47, 0x32, 0x38, 0x4A, 0x48, 0x30, 0x30, 0x31, 0x37, 0x35, 0x32"/>
            <NVMBlockConfig: Str_RamBlockDataAddress="NvmRamData_EcuConfig" SelectBlockForReadAll="1" BlockCrcType="2" Str_RomBlockDataAddress="NvmRomData_EcuConfig" BswMBlockStatusInformation="0" SelectBlockForWriteAll="1" BlockUseCrc="0" Str_JobFinishedFunction="Rte_Call_EcuConfig_JobFinished" RomBlockNum="0" NvRamDeviceId="0" BlockManagementType="0" NvRamBlockIdentifier="0" MaxNumWriteRetries="0" Str_BlockName="NvMConf_NvMBlockDescriptor_EcuConfig" BlockUseSetRamBlockStatus="0" WriteBlockOnce="0" MaxNumReadRetries="0" NvBlockLength="200" CalcRamBlockCrc="0" Str_InitFun="NULL" NvBlockBaseNumber="6" BlockWriteProt="0" NvBlockNum="0" BlockJobPriority="1" Str_RomBlockDefaultData="0xFF, 0xFF, 0xFF, 0xFF, 0xFF, 0xFF, 0xFF, 0xFF, 0xFF, 0xFF, 0xFF, 0xFF, 0xFF, 0xFF, 0xFF, 0xFF, 0xFF, 0xFF, 0xFF, 0xFF,0xFF, 0xFF, 0xFF, 0xFF, 0xFF, 0xFF, 0xFF, 0xFF, 0xFF, 0xFF, 0xFF, 0xFF, 0xFF, 0xFF, 0xFF, 0xFF, 0xFF, 0xFF, 0xFF, 0xFF,0xFF, 0xFF, 0xFF, 0xFF, 0xFF, 0xFF, 0xFF, 0xFF, 0xFF, 0xFF, 0xFF, 0xFF, 0xFF, 0xFF, 0xFF, 0xFF, 0xFF, 0xFF, 0xFF, 0xFF,0xFF, 0xFF, 0xFF, 0xFF, 0xFF, 0xFF, 0xFF, 0xFF, 0xFF, 0xFF, 0xFF, 0xFF, 0xFF, 0xFF, 0xFF, 0xFF, 0xFF, 0xFF, 0xFF, 0xFF,0xFF, 0xFF, 0xFF, 0xFF, 0xFF, 0xFF, 0xFF, 0xFF, 0xFF, 0xFF, 0xFF, 0xFF, 0xFF, 0xFF, 0xFF, 0xFF, 0xFF, 0xFF, 0xFF, 0xFF,0xFF, 0xFF, 0xFF, 0xFF, 0xFF, 0xFF, 0xFF, 0xFF, 0xFF, 0xFF, 0xFF, 0xFF, 0xFF, 0xFF, 0xFF, 0xFF, 0xFF, 0xFF, 0xFF, 0xFF,0xFF, 0xFF, 0xFF, 0xFF, 0xFF, 0xFF, 0xFF, 0xFF, 0xFF, 0xFF, 0xFF, 0xFF, 0xFF, 0xFF, 0xFF, 0xFF, 0xFF, 0xFF, 0xFF, 0xFF,0xFF, 0xFF, 0xFF, 0xFF, 0xFF, 0xFF, 0xFF, 0xFF, 0xFF, 0xFF, 0xFF, 0xFF, 0xFF, 0xFF, 0xFF, 0xFF, 0xFF, 0xFF, 0xFF, 0xFF,0xFF, 0xFF, 0xFF, 0xFF, 0xFF, 0xFF, 0xFF, 0xFF, 0xFF, 0xFF, 0xFF, 0xFF, 0xFF, 0xFF, 0xFF, 0xFF, 0xFF, 0xFF, 0xFF, 0xFF,0xFF, 0xFF, 0xFF, 0xFF, 0xFF, 0xFF, 0xFF, 0xFF, 0xFF, 0xFF, 0xFF, 0xFF, 0xFF, 0xFF, 0xFF, 0xFF, 0xFF, 0xFF, 0xFF, 0xFF"/>
            <NVMBlockConfig: Str_RamBlockDataAddress="NvmRamData_EIDCConfig" SelectBlockForReadAll="1" BlockCrcType="2" Str_RomBlockDataAddress="NvmRomData_EIDCConfig" BswMBlockStatusInformation="0" SelectBlockForWriteAll="1" BlockUseCrc="0" Str_JobFinishedFunction="Rte_Call_EIDCConfig_JobFinished" RomBlockNum="0" NvRamDeviceId="0" BlockManagementType="0" NvRamBlockIdentifier="0" MaxNumWriteRetries="0" Str_BlockName="NvMConf_NvMBlockDescriptor_EIDCConfig" BlockUseSetRamBlockStatus="0" WriteBlockOnce="0" MaxNumReadRetries="0" NvBlockLength="8" CalcRamBlockCrc="0" Str_InitFun="NULL" NvBlockBaseNumber="7" BlockWriteProt="0" NvBlockNum="0" BlockJobPriority="1" Str_RomBlockDefaultData="0,1,0,2,0,0,0,0"/>
            <NVMBlockConfig: Str_RamBlockDataAddress="Dem_PrimaryEntry_000" SelectBlockForReadAll="1" BlockCrcType="2" Str_RomBlockDataAddress="Dem_MemoryEntryInit" BswMBlockStatusInformation="0" SelectBlockForWriteAll="1" BlockUseCrc="0" Str_JobFinishedFunction="Dem_NvM_JobFinished" RomBlockNum="0" NvRamDeviceId="0" BlockManagementType="0" NvRamBlockIdentifier="0" MaxNumWriteRetries="0" Str_BlockName="DemCfg_NvMBlockDescriptor_DemPrimary_000" BlockUseSetRamBlockStatus="0" WriteBlockOnce="0" MaxNumReadRetries="0" NvBlockLength="24" CalcRamBlockCrc="0" Str_InitFun="NULL" NvBlockBaseNumber="8" BlockWriteProt="0" NvBlockNum="0" BlockJobPriority="1" Str_RomBlockDefaultData="0"/>
            <NVMBlockConfig: Str_RamBlockDataAddress="Dem_PrimaryEntry_001" SelectBlockForReadAll="1" BlockCrcType="2" Str_RomBlockDataAddress="Dem_MemoryEntryInit" BswMBlockStatusInformation="0" SelectBlockForWriteAll="1" BlockUseCrc="0" Str_JobFinishedFunction="Dem_NvM_JobFinished" RomBlockNum="0" NvRamDeviceId="0" BlockManagementType="0" NvRamBlockIdentifier="0" MaxNumWriteRetries="0" Str_BlockName="DemCfg_NvMBlockDescriptor_DemPrimary_001" BlockUseSetRamBlockStatus="0" WriteBlockOnce="0" MaxNumReadRetries="0" NvBlockLength="24" CalcRamBlockCrc="0" Str_InitFun="NULL" NvBlockBaseNumber="9" BlockWriteProt="0" NvBlockNum="0" BlockJobPriority="1" Str_RomBlockDefaultData="0"/>
            <NVMBlockConfig: Str_RamBlockDataAddress="Dem_PrimaryEntry_002" SelectBlockForReadAll="1" BlockCrcType="2" Str_RomBlockDataAddress="Dem_MemoryEntryInit" BswMBlockStatusInformation="0" SelectBlockForWriteAll="1" BlockUseCrc="0" Str_JobFinishedFunction="Dem_NvM_JobFinished" RomBlockNum="0" NvRamDeviceId="0" BlockManagementType="0" NvRamBlockIdentifier="0" MaxNumWriteRetries="0" Str_BlockName="DemCfg_NvMBlockDescriptor_DemPrimary_002" BlockUseSetRamBlockStatus="0" WriteBlockOnce="0" MaxNumReadRetries="0" NvBlockLength="24" CalcRamBlockCrc="0" Str_InitFun="NULL" NvBlockBaseNumber="10" BlockWriteProt="0" NvBlockNum="0" BlockJobPriority="1" Str_RomBlockDefaultData="0"/>
            <NVMBlockConfig: Str_RamBlockDataAddress="Dem_PrimaryEntry_003" SelectBlockForReadAll="1" BlockCrcType="2" Str_RomBlockDataAddress="Dem_MemoryEntryInit" BswMBlockStatusInformation="0" SelectBlockForWriteAll="1" BlockUseCrc="0" Str_JobFinishedFunction="Dem_NvM_JobFinished" RomBlockNum="0" NvRamDeviceId="0" BlockManagementType="0" NvRamBlockIdentifier="0" MaxNumWriteRetries="0" Str_BlockName="DemCfg_NvMBlockDescriptor_DemPrimary_003" BlockUseSetRamBlockStatus="0" WriteBlockOnce="0" MaxNumReadRetries="0" NvBlockLength="24" CalcRamBlockCrc="0" Str_InitFun="NULL" NvBlockBaseNumber="11" BlockWriteProt="0" NvBlockNum="0" BlockJobPriority="1" Str_RomBlockDefaultData="0"/>
            <NVMBlockConfig: Str_RamBlockDataAddress="Dem_PrimaryEntry_004" SelectBlockForReadAll="1" BlockCrcType="2" Str_RomBlockDataAddress="Dem_MemoryEntryInit" BswMBlockStatusInformation="0" SelectBlockForWriteAll="1" BlockUseCrc="0" Str_JobFinishedFunction="Dem_NvM_JobFinished" RomBlockNum="0" NvRamDeviceId="0" BlockManagementType="0" NvRamBlockIdentifier="0" MaxNumWriteRetries="0" Str_BlockName="DemCfg_NvMBlockDescriptor_DemPrimary_004" BlockUseSetRamBlockStatus="0" WriteBlockOnce="0" MaxNumReadRetries="0" NvBlockLength="24" CalcRamBlockCrc="0" Str_InitFun="NULL" NvBlockBaseNumber="12" BlockWriteProt="0" NvBlockNum="0" BlockJobPriority="1" Str_RomBlockDefaultData="0"/>
            <NVMBlockConfig: Str_RamBlockDataAddress="Dem_PrimaryEntry_005" SelectBlockForReadAll="1" BlockCrcType="2" Str_RomBlockDataAddress="Dem_MemoryEntryInit" BswMBlockStatusInformation="0" SelectBlockForWriteAll="1" BlockUseCrc="0" Str_JobFinishedFunction="Dem_NvM_JobFinished" RomBlockNum="0" NvRamDeviceId="0" BlockManagementType="0" NvRamBlockIdentifier="0" MaxNumWriteRetries="0" Str_BlockName="DemCfg_NvMBlockDescriptor_DemPrimary_005" BlockUseSetRamBlockStatus="0" WriteBlockOnce="0" MaxNumReadRetries="0" NvBlockLength="24" CalcRamBlockCrc="0" Str_InitFun="NULL" NvBlockBaseNumber="13" BlockWriteProt="0" NvBlockNum="0" BlockJobPriority="1" Str_RomBlockDefaultData="0"/>
            <NVMBlockConfig: Str_RamBlockDataAddress="Dem_PrimaryEntry_006" SelectBlockForReadAll="1" BlockCrcType="2" Str_RomBlockDataAddress="Dem_MemoryEntryInit" BswMBlockStatusInformation="0" SelectBlockForWriteAll="1" BlockUseCrc="0" Str_JobFinishedFunction="Dem_NvM_JobFinished" RomBlockNum="0" NvRamDeviceId="0" BlockManagementType="0" NvRamBlockIdentifier="0" MaxNumWriteRetries="0" Str_BlockName="DemCfg_NvMBlockDescriptor_DemPrimary_006" BlockUseSetRamBlockStatus="0" WriteBlockOnce="0" MaxNumReadRetries="0" NvBlockLength="24" CalcRamBlockCrc="0" Str_InitFun="NULL" NvBlockBaseNumber="14" BlockWriteProt="0" NvBlockNum="0" BlockJobPriority="1" Str_RomBlockDefaultData="0"/>
        </NVMBlockConfig>
        <FEEBlockConfig>
            <FEEBlockConfig: FEE_NUM_PARTITIONS="1"/>
            <FEEBlockConfig: FEE_MAX_LENGTH="216"/>
            <FEEBlockConfig: FEE_SECTOR_SIZE="2048"/>
            <FEEBlockConfig: FEE_SECTOR_HEADER_SIZE="8"/>
            <FEEBlockConfig: FEE_SECTOR_FOOTER_SIZE="8"/>
            <FEEBlockConfig: FEE_HEADER_SIZE="8"/>
            <FEEBlockConfig: FEE_NUM_PARTITIONS="1"/>
            <FEEBlockConfig: FEE_MAX_LENGTH="216"/>
            <FEEBlockConfig: FEE_SECTOR_SIZE="2048"/>
            <FEEBlockConfig: FEE_SECTOR_HEADER_SIZE="8"/>
            <FEEBlockConfig: FEE_SECTOR_FOOTER_SIZE="8"/>
            <FEEBlockConfig: FEE_HEADER_SIZE="8"/>
        </FEEBlockConfig>
    </NVMConfig>
</DiagConfigs>
