<DiagConfigs>
    <DcmConfig>
        <DcmGeneralConfig>
            <DcmGeneralConfig: DcmTesterResponseAddr="1"/>
            <DcmGeneralConfig: DcmTesterSourcePhyAddr="1"/>
            <DcmGeneralConfig: DcmTesterSourceFuncAddr="0"/>
            <DcmGeneralConfig: DcmDslBufferSize="4095"/>
        </DcmGeneralConfig>
        <DidConfig>
            <DidConfig: DataLen="0" Operation="2" Did="a1a1" IsOnlyEol="0"/>
            <DidConfig: DataLen="11" Operation="2" Did="f190" IsOnlyEol="0"/>
            <DidConfig: DataLen="0" Operation="2" Did="f193" IsOnlyEol="0"/>
            <DidConfig: DataLen="4" Operation="1" Did="f195" IsOnlyEol="0"/>
            <DidConfig: DataLen="0" Operation="3" Did="f1b1" IsOnlyEol="0"/>
            <DidConfig: DataLen="0" Operation="1" Did="f187" IsOnlyEol="0"/>
            <DidConfig: DataLen="8" Operation="1" Did="f18a" IsOnlyEol="0"/>
            <DidConfig: DataLen="14" Operation="3" Did="f18c" IsOnlyEol="0"/>
            <DidConfig: DataLen="13" Operation="1" Did="f1a2" IsOnlyEol="0"/>
            <DidConfig: DataLen="4" Operation="1" Did="f1b5" IsOnlyEol="0"/>
            <DidConfig: DataLen="0" Operation="1" Did="f189" IsOnlyEol="0"/>
            <DidConfig: DataLen="0" Operation="1" Did="f1c0" IsOnlyEol="0"/>
            <DidConfig: DataLen="0" Operation="1" Did="f1c1" IsOnlyEol="0"/>
            <DidConfig: DataLen="4" Operation="3" Did="f299" IsOnlyEol="0"/>
            <DidConfig: DataLen="10" Operation="3" Did="f298" IsOnlyEol="0"/>
            <DidConfig: DataLen="2" Operation="3" Did="f297" IsOnlyEol="1"/>
        </DidConfig>
        <RidConfig>
            <RidConfig: Operation="15" RoutineControlOptionRecord="0" Rid="202" RoutineType="6"/>
            <RidConfig: Operation="15" RoutineControlOptionRecord="0" Rid="203" RoutineType="6"/>
            <RidConfig: Operation="15" RoutineControlOptionRecord="0" Rid="ff01" RoutineType="6"/>
            <RidConfig: Operation="15" RoutineControlOptionRecord="0" Rid="f103" RoutineType="6"/>
            <RidConfig: Operation="15" RoutineControlOptionRecord="0" Rid="f104" RoutineType="6"/>
            <RidConfig: Operation="15" RoutineControlOptionRecord="1" Rid="f11e" RoutineType="6"/>
        </RidConfig>
    </DcmConfig>
    <DemConfig>
        <OpCycleConfig>
            <OpCycleConfig: AutoStop="0" Id="0" Type="0" AutoStart="0"/>
            <OpCycleConfig: AutoStop="0" Id="1" Type="0" AutoStart="0"/>
            <OpCycleConfig: AutoStop="0" Id="2" Type="0" AutoStart="0"/>
            <OpCycleConfig: AutoStop="1" Id="3" Type="0" AutoStart="1"/>
        </OpCycleConfig>
        <DebounceConfig>
            <DebounceConfig: DecStepSize="0" JumpUpValue="0" JumpUp="0" JumpDownValue="0" FailedThershold="0" FailedTimeThershold="100" IncStepSize="0" AlgoClass="1" PassedTimeThershold="100" behavior="1" JumpDown="0" PassedThershold="0"/>
            <DebounceConfig: DecStepSize="-1" JumpUpValue="0" JumpUp="0" JumpDownValue="0" FailedThershold="127" FailedTimeThershold="0" IncStepSize="1" AlgoClass="0" PassedTimeThershold="0" behavior="1" JumpDown="0" PassedThershold="-128"/>
            <DebounceConfig: DecStepSize="0" JumpUpValue="0" JumpUp="0" JumpDownValue="0" FailedThershold="0" FailedTimeThershold="0" IncStepSize="0" AlgoClass="3" PassedTimeThershold="0" behavior="1" JumpDown="0" PassedThershold="0"/>
        </DebounceConfig>
        <DTCConfig>
            <DTCConfig: DemCallbackInitMForE="((void *) 0)" DebounceTableRef="255" StorageConditionRef="0" EventKind="0" Value="ffffff" AgingThershold="255" FailureCycleCounterThershold="255" AgingAllowed="0" Id="0" AttrbsRef="0" ImmediateNvStorageAllowed="0" OpCycleRef="4" AvailableStatus="0" EnableConditionRef="0" AgingOpCycleRef="4" DTCTableRef="0"/>
            <DTCConfig: DemCallbackInitMForE="((void *) 0)" DebounceTableRef="255" StorageConditionRef="0" EventKind="0" Value="0" AgingThershold="40" FailureCycleCounterThershold="255" AgingAllowed="1" Id="1" AttrbsRef="1" ImmediateNvStorageAllowed="1" OpCycleRef="2" AvailableStatus="1" EnableConditionRef="0" AgingOpCycleRef="0" DTCTableRef="1"/>
            <DTCConfig: DemCallbackInitMForE="((void *) 0)" DebounceTableRef="255" StorageConditionRef="0" EventKind="1" Value="0" AgingThershold="40" FailureCycleCounterThershold="255" AgingAllowed="1" Id="2" AttrbsRef="2" ImmediateNvStorageAllowed="1" OpCycleRef="2" AvailableStatus="1" EnableConditionRef="0" AgingOpCycleRef="0" DTCTableRef="2"/>
            <DTCConfig: DemCallbackInitMForE="((void *) 0)" DebounceTableRef="1" StorageConditionRef="0" EventKind="0" Value="c14087" AgingThershold="40" FailureCycleCounterThershold="255" AgingAllowed="1" Id="3" AttrbsRef="3" ImmediateNvStorageAllowed="1" OpCycleRef="3" AvailableStatus="1" EnableConditionRef="0" AgingOpCycleRef="0" DTCTableRef="3"/>
            <DTCConfig: DemCallbackInitMForE="((void *) 0)" DebounceTableRef="0" StorageConditionRef="0" EventKind="0" Value="d10017" AgingThershold="40" FailureCycleCounterThershold="255" AgingAllowed="1" Id="4" AttrbsRef="4" ImmediateNvStorageAllowed="1" OpCycleRef="3" AvailableStatus="1" EnableConditionRef="0" AgingOpCycleRef="3" DTCTableRef="4"/>
            <DTCConfig: DemCallbackInitMForE="((void *) 0)" DebounceTableRef="0" StorageConditionRef="0" EventKind="0" Value="d10116" AgingThershold="40" FailureCycleCounterThershold="255" AgingAllowed="1" Id="5" AttrbsRef="5" ImmediateNvStorageAllowed="1" OpCycleRef="3" AvailableStatus="1" EnableConditionRef="0" AgingOpCycleRef="3" DTCTableRef="5"/>
            <DTCConfig: DemCallbackInitMForE="((void *) 0)" DebounceTableRef="0" StorageConditionRef="0" EventKind="0" Value="c07388" AgingThershold="40" FailureCycleCounterThershold="255" AgingAllowed="1" Id="6" AttrbsRef="6" ImmediateNvStorageAllowed="1" OpCycleRef="3" AvailableStatus="1" EnableConditionRef="0" AgingOpCycleRef="3" DTCTableRef="6"/>
            <DTCConfig: DemCallbackInitMForE="((void *) 0)" DebounceTableRef="0" StorageConditionRef="0" EventKind="0" Value="900a98" AgingThershold="40" FailureCycleCounterThershold="255" AgingAllowed="1" Id="7" AttrbsRef="7" ImmediateNvStorageAllowed="1" OpCycleRef="3" AvailableStatus="1" EnableConditionRef="0" AgingOpCycleRef="3" DTCTableRef="7"/>
            <DTCConfig: DemCallbackInitMForE="((void *) 0)" DebounceTableRef="0" StorageConditionRef="0" EventKind="0" Value="900a81" AgingThershold="40" FailureCycleCounterThershold="255" AgingAllowed="1" Id="8" AttrbsRef="8" ImmediateNvStorageAllowed="1" OpCycleRef="3" AvailableStatus="1" EnableConditionRef="0" AgingOpCycleRef="3" DTCTableRef="8"/>
            <DTCConfig: DemCallbackInitMForE="((void *) 0)" DebounceTableRef="0" StorageConditionRef="0" EventKind="0" Value="900a96" AgingThershold="40" FailureCycleCounterThershold="255" AgingAllowed="1" Id="9" AttrbsRef="9" ImmediateNvStorageAllowed="1" OpCycleRef="3" AvailableStatus="1" EnableConditionRef="0" AgingOpCycleRef="3" DTCTableRef="9"/>
        </DTCConfig>
    </DemConfig>
    <NVMConfig>
        <NVMBlockConfig>
            <NVMBlockConfig: BlockCrcType="2" Str_InitFun="NULL" NvBlockBaseNumber="0" NvRamBlockIdentifier="0" Str_RomBlockDefaultData="0" Str_RomBlockDataAddress="NULL" CalcRamBlockCrc="0" NvRamDeviceId="0" BswMBlockStatusInformation="0" BlockJobPriority="1" SelectBlockForWriteAll="1" BlockUseCrc="0" Str_BlockName="NvMConf___MultiBlockRequest" SelectBlockForReadAll="1" BlockWriteProt="0" NvBlockNum="0" RomBlockNum="0" BlockUseSetRamBlockStatus="0" MaxNumReadRetries="0" Str_RamBlockDataAddress="NULL" WriteBlockOnce="0" MaxNumWriteRetries="0" BlockManagementType="0" NvBlockLength="0" Str_JobFinishedFunction="NULL"/>
            <NVMBlockConfig: BlockCrcType="2" Str_InitFun="NULL" NvBlockBaseNumber="0" NvRamBlockIdentifier="0" Str_RomBlockDefaultData="0" Str_RomBlockDataAddress="NULL" CalcRamBlockCrc="0" NvRamDeviceId="0" BswMBlockStatusInformation="0" BlockJobPriority="1" SelectBlockForWriteAll="1" BlockUseCrc="0" Str_BlockName="NvMConf_NvMBlockDescriptor_NvMConfigBlock" SelectBlockForReadAll="1" BlockWriteProt="0" NvBlockNum="0" RomBlockNum="0" BlockUseSetRamBlockStatus="0" MaxNumReadRetries="0" Str_RamBlockDataAddress="NvMConfigBlock_RamBlock_au8" WriteBlockOnce="0" MaxNumWriteRetries="0" BlockManagementType="0" NvBlockLength="32" Str_JobFinishedFunction="NULL"/>
            <NVMBlockConfig: BlockCrcType="2" Str_InitFun="NULL" NvBlockBaseNumber="2" NvRamBlockIdentifier="0" Str_RomBlockDefaultData="0" Str_RomBlockDataAddress="DemCfg_OpCycle_Default" CalcRamBlockCrc="0" NvRamDeviceId="0" BswMBlockStatusInformation="0" BlockJobPriority="1" SelectBlockForWriteAll="1" BlockUseCrc="0" Str_BlockName="DemCfg_NvMBlockDescriptor_OpCycle" SelectBlockForReadAll="1" BlockWriteProt="0" NvBlockNum="0" RomBlockNum="0" BlockUseSetRamBlockStatus="0" MaxNumReadRetries="0" Str_RamBlockDataAddress="Dem_Cfg_OpCycle" WriteBlockOnce="0" MaxNumWriteRetries="0" BlockManagementType="0" NvBlockLength="9" Str_JobFinishedFunction="Dem_NvM_JobFinished"/>
            <NVMBlockConfig: BlockCrcType="2" Str_InitFun="NULL" NvBlockBaseNumber="3" NvRamBlockIdentifier="0" Str_RomBlockDefaultData="0" Str_RomBlockDataAddress="DemCfg_AdminData_Default" CalcRamBlockCrc="0" NvRamDeviceId="0" BswMBlockStatusInformation="0" BlockJobPriority="1" SelectBlockForWriteAll="1" BlockUseCrc="0" Str_BlockName="DemCfg_NvMBlockDescriptor_DemAdmin" SelectBlockForReadAll="1" BlockWriteProt="0" NvBlockNum="0" RomBlockNum="0" BlockUseSetRamBlockStatus="0" MaxNumReadRetries="0" Str_RamBlockDataAddress="Dem_Cfg_AdminData" WriteBlockOnce="0" MaxNumWriteRetries="0" BlockManagementType="0" NvBlockLength="20" Str_JobFinishedFunction="Dem_NvM_JobFinished"/>
            <NVMBlockConfig: BlockCrcType="2" Str_InitFun="NULL" NvBlockBaseNumber="4" NvRamBlockIdentifier="0" Str_RomBlockDefaultData="0" Str_RomBlockDataAddress="DemCfg_StatusData_Default" CalcRamBlockCrc="0" NvRamDeviceId="0" BswMBlockStatusInformation="0" BlockJobPriority="1" SelectBlockForWriteAll="1" BlockUseCrc="0" Str_BlockName="DemCfg_NvMBlockDescriptor_DemStatus" SelectBlockForReadAll="1" BlockWriteProt="0" NvBlockNum="0" RomBlockNum="0" BlockUseSetRamBlockStatus="0" MaxNumReadRetries="0" Str_RamBlockDataAddress="Dem_Cfg_StatusData" WriteBlockOnce="0" MaxNumWriteRetries="0" BlockManagementType="0" NvBlockLength="9" Str_JobFinishedFunction="Dem_NvM_JobFinished"/>
            <NVMBlockConfig: BlockCrcType="2" Str_InitFun="NULL" NvBlockBaseNumber="5" NvRamBlockIdentifier="0" Str_RomBlockDefaultData="0x4C, 0x58, 0x57, 0x59, 0x45, 0x50, 0x47, 0x32, 0x38, 0x4A, 0x48, 0x30, 0x30, 0x31, 0x37, 0x35, 0x32" Str_RomBlockDataAddress="NvmRomData_VIN" CalcRamBlockCrc="0" NvRamDeviceId="0" BswMBlockStatusInformation="0" BlockJobPriority="1" SelectBlockForWriteAll="1" BlockUseCrc="0" Str_BlockName="NvMConf_NvMBlockDescriptor_VIN" SelectBlockForReadAll="1" BlockWriteProt="0" NvBlockNum="0" RomBlockNum="0" BlockUseSetRamBlockStatus="0" MaxNumReadRetries="0" Str_RamBlockDataAddress="NvmRamData_VIN" WriteBlockOnce="0" MaxNumWriteRetries="0" BlockManagementType="0" NvBlockLength="17" Str_JobFinishedFunction="Rte_Call_VIN_JobFinished"/>
            <NVMBlockConfig: BlockCrcType="2" Str_InitFun="NULL" NvBlockBaseNumber="6" NvRamBlockIdentifier="0" Str_RomBlockDefaultData="0xFF, 0xFF, 0xFF, 0xFF, 0xFF, 0xFF, 0xFF, 0xFF, 0xFF, 0xFF, 0xFF, 0xFF, 0xFF, 0xFF, 0xFF, 0xFF, 0xFF, 0xFF, 0xFF, 0xFF,0xFF, 0xFF, 0xFF, 0xFF, 0xFF, 0xFF, 0xFF, 0xFF, 0xFF, 0xFF, 0xFF, 0xFF, 0xFF, 0xFF, 0xFF, 0xFF, 0xFF, 0xFF, 0xFF, 0xFF,0xFF, 0xFF, 0xFF, 0xFF, 0xFF, 0xFF, 0xFF, 0xFF, 0xFF, 0xFF, 0xFF, 0xFF, 0xFF, 0xFF, 0xFF, 0xFF, 0xFF, 0xFF, 0xFF, 0xFF,0xFF, 0xFF, 0xFF, 0xFF, 0xFF, 0xFF, 0xFF, 0xFF, 0xFF, 0xFF, 0xFF, 0xFF, 0xFF, 0xFF, 0xFF, 0xFF, 0xFF, 0xFF, 0xFF, 0xFF,0xFF, 0xFF, 0xFF, 0xFF, 0xFF, 0xFF, 0xFF, 0xFF, 0xFF, 0xFF, 0xFF, 0xFF, 0xFF, 0xFF, 0xFF, 0xFF, 0xFF, 0xFF, 0xFF, 0xFF,0xFF, 0xFF, 0xFF, 0xFF, 0xFF, 0xFF, 0xFF, 0xFF, 0xFF, 0xFF, 0xFF, 0xFF, 0xFF, 0xFF, 0xFF, 0xFF, 0xFF, 0xFF, 0xFF, 0xFF,0xFF, 0xFF, 0xFF, 0xFF, 0xFF, 0xFF, 0xFF, 0xFF, 0xFF, 0xFF, 0xFF, 0xFF, 0xFF, 0xFF, 0xFF, 0xFF, 0xFF, 0xFF, 0xFF, 0xFF,0xFF, 0xFF, 0xFF, 0xFF, 0xFF, 0xFF, 0xFF, 0xFF, 0xFF, 0xFF, 0xFF, 0xFF, 0xFF, 0xFF, 0xFF, 0xFF, 0xFF, 0xFF, 0xFF, 0xFF,0xFF, 0xFF, 0xFF, 0xFF, 0xFF, 0xFF, 0xFF, 0xFF, 0xFF, 0xFF, 0xFF, 0xFF, 0xFF, 0xFF, 0xFF, 0xFF, 0xFF, 0xFF, 0xFF, 0xFF,0xFF, 0xFF, 0xFF, 0xFF, 0xFF, 0xFF, 0xFF, 0xFF, 0xFF, 0xFF, 0xFF, 0xFF, 0xFF, 0xFF, 0xFF, 0xFF, 0xFF, 0xFF, 0xFF, 0xFF" Str_RomBlockDataAddress="NvmRomData_EcuConfig" CalcRamBlockCrc="0" NvRamDeviceId="0" BswMBlockStatusInformation="0" BlockJobPriority="1" SelectBlockForWriteAll="1" BlockUseCrc="0" Str_BlockName="NvMConf_NvMBlockDescriptor_EcuConfig" SelectBlockForReadAll="1" BlockWriteProt="0" NvBlockNum="0" RomBlockNum="0" BlockUseSetRamBlockStatus="0" MaxNumReadRetries="0" Str_RamBlockDataAddress="NvmRamData_EcuConfig" WriteBlockOnce="0" MaxNumWriteRetries="0" BlockManagementType="0" NvBlockLength="200" Str_JobFinishedFunction="Rte_Call_EcuConfig_JobFinished"/>
            <NVMBlockConfig: BlockCrcType="2" Str_InitFun="NULL" NvBlockBaseNumber="7" NvRamBlockIdentifier="0" Str_RomBlockDefaultData="0,1,0,2,0,0,0,0" Str_RomBlockDataAddress="NvmRomData_EIDCConfig" CalcRamBlockCrc="0" NvRamDeviceId="0" BswMBlockStatusInformation="0" BlockJobPriority="1" SelectBlockForWriteAll="1" BlockUseCrc="0" Str_BlockName="NvMConf_NvMBlockDescriptor_EIDCConfig" SelectBlockForReadAll="1" BlockWriteProt="0" NvBlockNum="0" RomBlockNum="0" BlockUseSetRamBlockStatus="0" MaxNumReadRetries="0" Str_RamBlockDataAddress="NvmRamData_EIDCConfig" WriteBlockOnce="0" MaxNumWriteRetries="0" BlockManagementType="0" NvBlockLength="8" Str_JobFinishedFunction="Rte_Call_EIDCConfig_JobFinished"/>
            <NVMBlockConfig: BlockCrcType="2" Str_InitFun="NULL" NvBlockBaseNumber="8" NvRamBlockIdentifier="0" Str_RomBlockDefaultData="0" Str_RomBlockDataAddress="Dem_MemoryEntryInit" CalcRamBlockCrc="0" NvRamDeviceId="0" BswMBlockStatusInformation="0" BlockJobPriority="1" SelectBlockForWriteAll="1" BlockUseCrc="0" Str_BlockName="DemCfg_NvMBlockDescriptor_DemPrimary_000" SelectBlockForReadAll="1" BlockWriteProt="0" NvBlockNum="0" RomBlockNum="0" BlockUseSetRamBlockStatus="0" MaxNumReadRetries="0" Str_RamBlockDataAddress="Dem_PrimaryEntry_000" WriteBlockOnce="0" MaxNumWriteRetries="0" BlockManagementType="0" NvBlockLength="24" Str_JobFinishedFunction="Dem_NvM_JobFinished"/>
            <NVMBlockConfig: BlockCrcType="2" Str_InitFun="NULL" NvBlockBaseNumber="9" NvRamBlockIdentifier="0" Str_RomBlockDefaultData="0" Str_RomBlockDataAddress="Dem_MemoryEntryInit" CalcRamBlockCrc="0" NvRamDeviceId="0" BswMBlockStatusInformation="0" BlockJobPriority="1" SelectBlockForWriteAll="1" BlockUseCrc="0" Str_BlockName="DemCfg_NvMBlockDescriptor_DemPrimary_001" SelectBlockForReadAll="1" BlockWriteProt="0" NvBlockNum="0" RomBlockNum="0" BlockUseSetRamBlockStatus="0" MaxNumReadRetries="0" Str_RamBlockDataAddress="Dem_PrimaryEntry_001" WriteBlockOnce="0" MaxNumWriteRetries="0" BlockManagementType="0" NvBlockLength="24" Str_JobFinishedFunction="Dem_NvM_JobFinished"/>
            <NVMBlockConfig: BlockCrcType="2" Str_InitFun="NULL" NvBlockBaseNumber="10" NvRamBlockIdentifier="0" Str_RomBlockDefaultData="0" Str_RomBlockDataAddress="Dem_MemoryEntryInit" CalcRamBlockCrc="0" NvRamDeviceId="0" BswMBlockStatusInformation="0" BlockJobPriority="1" SelectBlockForWriteAll="1" BlockUseCrc="0" Str_BlockName="DemCfg_NvMBlockDescriptor_DemPrimary_002" SelectBlockForReadAll="1" BlockWriteProt="0" NvBlockNum="0" RomBlockNum="0" BlockUseSetRamBlockStatus="0" MaxNumReadRetries="0" Str_RamBlockDataAddress="Dem_PrimaryEntry_002" WriteBlockOnce="0" MaxNumWriteRetries="0" BlockManagementType="0" NvBlockLength="24" Str_JobFinishedFunction="Dem_NvM_JobFinished"/>
            <NVMBlockConfig: BlockCrcType="2" Str_InitFun="NULL" NvBlockBaseNumber="11" NvRamBlockIdentifier="0" Str_RomBlockDefaultData="0" Str_RomBlockDataAddress="Dem_MemoryEntryInit" CalcRamBlockCrc="0" NvRamDeviceId="0" BswMBlockStatusInformation="0" BlockJobPriority="1" SelectBlockForWriteAll="1" BlockUseCrc="0" Str_BlockName="DemCfg_NvMBlockDescriptor_DemPrimary_003" SelectBlockForReadAll="1" BlockWriteProt="0" NvBlockNum="0" RomBlockNum="0" BlockUseSetRamBlockStatus="0" MaxNumReadRetries="0" Str_RamBlockDataAddress="Dem_PrimaryEntry_003" WriteBlockOnce="0" MaxNumWriteRetries="0" BlockManagementType="0" NvBlockLength="24" Str_JobFinishedFunction="Dem_NvM_JobFinished"/>
            <NVMBlockConfig: BlockCrcType="2" Str_InitFun="NULL" NvBlockBaseNumber="12" NvRamBlockIdentifier="0" Str_RomBlockDefaultData="0" Str_RomBlockDataAddress="Dem_MemoryEntryInit" CalcRamBlockCrc="0" NvRamDeviceId="0" BswMBlockStatusInformation="0" BlockJobPriority="1" SelectBlockForWriteAll="1" BlockUseCrc="0" Str_BlockName="DemCfg_NvMBlockDescriptor_DemPrimary_004" SelectBlockForReadAll="1" BlockWriteProt="0" NvBlockNum="0" RomBlockNum="0" BlockUseSetRamBlockStatus="0" MaxNumReadRetries="0" Str_RamBlockDataAddress="Dem_PrimaryEntry_004" WriteBlockOnce="0" MaxNumWriteRetries="0" BlockManagementType="0" NvBlockLength="24" Str_JobFinishedFunction="Dem_NvM_JobFinished"/>
            <NVMBlockConfig: BlockCrcType="2" Str_InitFun="NULL" NvBlockBaseNumber="13" NvRamBlockIdentifier="0" Str_RomBlockDefaultData="0" Str_RomBlockDataAddress="Dem_MemoryEntryInit" CalcRamBlockCrc="0" NvRamDeviceId="0" BswMBlockStatusInformation="0" BlockJobPriority="1" SelectBlockForWriteAll="1" BlockUseCrc="0" Str_BlockName="DemCfg_NvMBlockDescriptor_DemPrimary_005" SelectBlockForReadAll="1" BlockWriteProt="0" NvBlockNum="0" RomBlockNum="0" BlockUseSetRamBlockStatus="0" MaxNumReadRetries="0" Str_RamBlockDataAddress="Dem_PrimaryEntry_005" WriteBlockOnce="0" MaxNumWriteRetries="0" BlockManagementType="0" NvBlockLength="24" Str_JobFinishedFunction="Dem_NvM_JobFinished"/>
            <NVMBlockConfig: BlockCrcType="2" Str_InitFun="NULL" NvBlockBaseNumber="14" NvRamBlockIdentifier="0" Str_RomBlockDefaultData="0" Str_RomBlockDataAddress="Dem_MemoryEntryInit" CalcRamBlockCrc="0" NvRamDeviceId="0" BswMBlockStatusInformation="0" BlockJobPriority="1" SelectBlockForWriteAll="1" BlockUseCrc="0" Str_BlockName="DemCfg_NvMBlockDescriptor_DemPrimary_006" SelectBlockForReadAll="1" BlockWriteProt="0" NvBlockNum="0" RomBlockNum="0" BlockUseSetRamBlockStatus="0" MaxNumReadRetries="0" Str_RamBlockDataAddress="Dem_PrimaryEntry_006" WriteBlockOnce="0" MaxNumWriteRetries="0" BlockManagementType="0" NvBlockLength="24" Str_JobFinishedFunction="Dem_NvM_JobFinished"/>
        </NVMBlockConfig>
        <FEEBlockConfig>
            <FEEBlockConfig: FEE_NUM_PARTITIONS="1"/>
            <FEEBlockConfig: FEE_MAX_LENGTH="216"/>
            <FEEBlockConfig: FEE_SECTOR_SIZE="2048"/>
            <FEEBlockConfig: FEE_SECTOR_HEADER_SIZE="8"/>
            <FEEBlockConfig: FEE_SECTOR_FOOTER_SIZE="8"/>
            <FEEBlockConfig: FEE_HEADER_SIZE="8"/>
        </FEEBlockConfig>
    </NVMConfig>
</DiagConfigs>
