<DiagConfigs>
    <DcmConfig>
        <DcmGeneralConfig>
            <DcmGeneralConfig: DcmTesterResponseAddr="1"/>
            <DcmGeneralConfig: DcmTesterSourcePhyAddr="1"/>
            <DcmGeneralConfig: DcmTesterSourceFuncAddr="0"/>
            <DcmGeneralConfig: DcmDslBufferSize="4095"/>
        </DcmGeneralConfig>
        <DidConfig>
            <DidConfig: DataLen="0" IsOnlyEol="0" Did="a1a1" Operation="3"/>
            <DidConfig: DataLen="11" IsOnlyEol="0" Did="f190" Operation="3"/>
            <DidConfig: DataLen="0" IsOnlyEol="0" Did="f193" Operation="3"/>
            <DidConfig: DataLen="4" IsOnlyEol="0" Did="f195" Operation="1"/>
            <DidConfig: DataLen="0" IsOnlyEol="0" Did="f1b1" Operation="3"/>
            <DidConfig: DataLen="0" IsOnlyEol="0" Did="f187" Operation="1"/>
            <DidConfig: DataLen="8" IsOnlyEol="0" Did="f18a" Operation="1"/>
            <DidConfig: DataLen="14" IsOnlyEol="0" Did="f18c" Operation="3"/>
            <DidConfig: DataLen="13" IsOnlyEol="0" Did="f1a2" Operation="1"/>
            <DidConfig: DataLen="4" IsOnlyEol="0" Did="f1b5" Operation="1"/>
            <DidConfig: DataLen="0" IsOnlyEol="0" Did="f189" Operation="1"/>
            <DidConfig: DataLen="0" IsOnlyEol="0" Did="f1c0" Operation="1"/>
            <DidConfig: DataLen="0" IsOnlyEol="0" Did="f1c1" Operation="1"/>
            <DidConfig: DataLen="4" IsOnlyEol="0" Did="f299" Operation="3"/>
            <DidConfig: DataLen="10" IsOnlyEol="0" Did="f298" Operation="3"/>
            <DidConfig: DataLen="2" IsOnlyEol="1" Did="f297" Operation="7"/>
        </DidConfig>
        <RidConfig>
            <RidConfig: Rid="202" RoutineType="6" RoutineControlOptionRecord="0" Operation="15"/>
            <RidConfig: Rid="203" RoutineType="6" RoutineControlOptionRecord="0" Operation="15"/>
            <RidConfig: Rid="ff01" RoutineType="6" RoutineControlOptionRecord="0" Operation="15"/>
            <RidConfig: Rid="f103" RoutineType="6" RoutineControlOptionRecord="0" Operation="15"/>
            <RidConfig: Rid="f104" RoutineType="6" RoutineControlOptionRecord="0" Operation="15"/>
            <RidConfig: Rid="f11e" RoutineType="6" RoutineControlOptionRecord="1" Operation="15"/>
        </RidConfig>
    </DcmConfig>
    <DemConfig>
        <OpCycleConfig>
            <OpCycleConfig: Type="0" AutoStop="0" Id="0" AutoStart="0"/>
            <OpCycleConfig: Type="0" AutoStop="0" Id="1" AutoStart="0"/>
            <OpCycleConfig: Type="0" AutoStop="0" Id="2" AutoStart="0"/>
            <OpCycleConfig: Type="0" AutoStop="1" Id="3" AutoStart="1"/>
        </OpCycleConfig>
        <DebounceConfig>
            <DebounceConfig: PassedTimeThershold="100" JumpUpValue="0" DecStepSize="0" JumpDownValue="0" FailedTimeThershold="100" behavior="1" JumpUp="0" FailedThershold="0" JumpDown="0" PassedThershold="0" AlgoClass="1" IncStepSize="0"/>
            <DebounceConfig: PassedTimeThershold="0" JumpUpValue="0" DecStepSize="-1" JumpDownValue="0" FailedTimeThershold="0" behavior="1" JumpUp="1" FailedThershold="127" JumpDown="1" PassedThershold="-128" AlgoClass="0" IncStepSize="1"/>
            <DebounceConfig: PassedTimeThershold="0" JumpUpValue="0" DecStepSize="0" JumpDownValue="0" FailedTimeThershold="0" behavior="1" JumpUp="0" FailedThershold="0" JumpDown="0" PassedThershold="0" AlgoClass="3" IncStepSize="0"/>
        </DebounceConfig>
        <DTCConfig>
            <DTCConfig: DemCallbackInitMForE="((void *) 0)" AgingAllowed="0" FailureCycleCounterThershold="255" DTCTableRef="0" DebounceTableRef="255" AvailableStatus="0" AgingOpCycleRef="4" StorageConditionRef="0" Value="ffffff" AttrbsRef="0" AgingThershold="255" Id="0" EventKind="0" EnableConditionRef="0" OpCycleRef="4" ImmediateNvStorageAllowed="0"/>
            <DTCConfig: DemCallbackInitMForE="((void *) 0)" AgingAllowed="1" FailureCycleCounterThershold="255" DTCTableRef="1" DebounceTableRef="255" AvailableStatus="1" AgingOpCycleRef="0" StorageConditionRef="0" Value="0" AttrbsRef="1" AgingThershold="40" Id="1" EventKind="0" EnableConditionRef="0" OpCycleRef="2" ImmediateNvStorageAllowed="1"/>
            <DTCConfig: DemCallbackInitMForE="((void *) 0)" AgingAllowed="1" FailureCycleCounterThershold="255" DTCTableRef="2" DebounceTableRef="255" AvailableStatus="1" AgingOpCycleRef="0" StorageConditionRef="0" Value="0" AttrbsRef="2" AgingThershold="40" Id="2" EventKind="1" EnableConditionRef="0" OpCycleRef="2" ImmediateNvStorageAllowed="1"/>
            <DTCConfig: DemCallbackInitMForE="((void *) 0)" AgingAllowed="1" FailureCycleCounterThershold="255" DTCTableRef="3" DebounceTableRef="1" AvailableStatus="1" AgingOpCycleRef="0" StorageConditionRef="0" Value="c14087" AttrbsRef="3" AgingThershold="40" Id="3" EventKind="0" EnableConditionRef="0" OpCycleRef="3" ImmediateNvStorageAllowed="1"/>
            <DTCConfig: DemCallbackInitMForE="((void *) 0)" AgingAllowed="1" FailureCycleCounterThershold="255" DTCTableRef="4" DebounceTableRef="0" AvailableStatus="1" AgingOpCycleRef="3" StorageConditionRef="0" Value="d10017" AttrbsRef="4" AgingThershold="40" Id="4" EventKind="0" EnableConditionRef="0" OpCycleRef="3" ImmediateNvStorageAllowed="1"/>
            <DTCConfig: DemCallbackInitMForE="((void *) 0)" AgingAllowed="1" FailureCycleCounterThershold="255" DTCTableRef="5" DebounceTableRef="0" AvailableStatus="1" AgingOpCycleRef="3" StorageConditionRef="0" Value="d10116" AttrbsRef="5" AgingThershold="40" Id="5" EventKind="0" EnableConditionRef="0" OpCycleRef="3" ImmediateNvStorageAllowed="1"/>
            <DTCConfig: DemCallbackInitMForE="((void *) 0)" AgingAllowed="1" FailureCycleCounterThershold="255" DTCTableRef="6" DebounceTableRef="0" AvailableStatus="1" AgingOpCycleRef="3" StorageConditionRef="0" Value="c07388" AttrbsRef="6" AgingThershold="40" Id="6" EventKind="0" EnableConditionRef="0" OpCycleRef="3" ImmediateNvStorageAllowed="1"/>
            <DTCConfig: DemCallbackInitMForE="((void *) 0)" AgingAllowed="1" FailureCycleCounterThershold="255" DTCTableRef="7" DebounceTableRef="0" AvailableStatus="1" AgingOpCycleRef="3" StorageConditionRef="0" Value="900a98" AttrbsRef="7" AgingThershold="40" Id="7" EventKind="0" EnableConditionRef="0" OpCycleRef="3" ImmediateNvStorageAllowed="1"/>
            <DTCConfig: DemCallbackInitMForE="((void *) 0)" AgingAllowed="1" FailureCycleCounterThershold="255" DTCTableRef="8" DebounceTableRef="0" AvailableStatus="1" AgingOpCycleRef="3" StorageConditionRef="0" Value="900a81" AttrbsRef="8" AgingThershold="40" Id="8" EventKind="0" EnableConditionRef="0" OpCycleRef="3" ImmediateNvStorageAllowed="1"/>
            <DTCConfig: DemCallbackInitMForE="((void *) 0)" AgingAllowed="1" FailureCycleCounterThershold="255" DTCTableRef="9" DebounceTableRef="0" AvailableStatus="1" AgingOpCycleRef="3" StorageConditionRef="0" Value="900a96" AttrbsRef="9" AgingThershold="40" Id="9" EventKind="0" EnableConditionRef="0" OpCycleRef="3" ImmediateNvStorageAllowed="1"/>
        </DTCConfig>
    </DemConfig>
    <NVMConfig>
        <NVMBlockConfig>
            <NVMBlockConfig: RomBlockNum="0" MaxNumReadRetries="0" BlockUseSetRamBlockStatus="0" Str_RomBlockDataAddress="NULL" Str_RomBlockDefaultData="0" NvBlockBaseNumber="0" MaxNumWriteRetries="0" BlockWriteProt="0" NvRamBlockIdentifier="0" SelectBlockForReadAll="1" Str_RamBlockDataAddress="NULL" BswMBlockStatusInformation="0" BlockUseCrc="0" NvBlockNum="0" WriteBlockOnce="0" BlockManagementType="0" Str_BlockName="NvMConf___MultiBlockRequest" Str_JobFinishedFunction="NULL" CalcRamBlockCrc="0" Str_InitFun="NULL" BlockJobPriority="1" NvBlockLength="0" SelectBlockForWriteAll="1" NvRamDeviceId="0" BlockCrcType="2"/>
            <NVMBlockConfig: RomBlockNum="0" MaxNumReadRetries="0" BlockUseSetRamBlockStatus="0" Str_RomBlockDataAddress="NULL" Str_RomBlockDefaultData="0" NvBlockBaseNumber="0" MaxNumWriteRetries="0" BlockWriteProt="0" NvRamBlockIdentifier="0" SelectBlockForReadAll="1" Str_RamBlockDataAddress="NvMConfigBlock_RamBlock_au8" BswMBlockStatusInformation="0" BlockUseCrc="0" NvBlockNum="0" WriteBlockOnce="0" BlockManagementType="0" Str_BlockName="NvMConf_NvMBlockDescriptor_NvMConfigBlock" Str_JobFinishedFunction="NULL" CalcRamBlockCrc="0" Str_InitFun="NULL" BlockJobPriority="1" NvBlockLength="32" SelectBlockForWriteAll="1" NvRamDeviceId="0" BlockCrcType="2"/>
            <NVMBlockConfig: RomBlockNum="0" MaxNumReadRetries="0" BlockUseSetRamBlockStatus="0" Str_RomBlockDataAddress="DemCfg_OpCycle_Default" Str_RomBlockDefaultData="0" NvBlockBaseNumber="2" MaxNumWriteRetries="0" BlockWriteProt="0" NvRamBlockIdentifier="0" SelectBlockForReadAll="1" Str_RamBlockDataAddress="Dem_Cfg_OpCycle" BswMBlockStatusInformation="0" BlockUseCrc="0" NvBlockNum="0" WriteBlockOnce="0" BlockManagementType="0" Str_BlockName="DemCfg_NvMBlockDescriptor_OpCycle" Str_JobFinishedFunction="Dem_NvM_JobFinished" CalcRamBlockCrc="0" Str_InitFun="NULL" BlockJobPriority="1" NvBlockLength="9" SelectBlockForWriteAll="1" NvRamDeviceId="0" BlockCrcType="2"/>
            <NVMBlockConfig: RomBlockNum="0" MaxNumReadRetries="0" BlockUseSetRamBlockStatus="0" Str_RomBlockDataAddress="DemCfg_AdminData_Default" Str_RomBlockDefaultData="0" NvBlockBaseNumber="3" MaxNumWriteRetries="0" BlockWriteProt="0" NvRamBlockIdentifier="0" SelectBlockForReadAll="1" Str_RamBlockDataAddress="Dem_Cfg_AdminData" BswMBlockStatusInformation="0" BlockUseCrc="0" NvBlockNum="0" WriteBlockOnce="0" BlockManagementType="0" Str_BlockName="DemCfg_NvMBlockDescriptor_DemAdmin" Str_JobFinishedFunction="Dem_NvM_JobFinished" CalcRamBlockCrc="0" Str_InitFun="NULL" BlockJobPriority="1" NvBlockLength="20" SelectBlockForWriteAll="1" NvRamDeviceId="0" BlockCrcType="2"/>
            <NVMBlockConfig: RomBlockNum="0" MaxNumReadRetries="0" BlockUseSetRamBlockStatus="0" Str_RomBlockDataAddress="DemCfg_StatusData_Default" Str_RomBlockDefaultData="0" NvBlockBaseNumber="4" MaxNumWriteRetries="0" BlockWriteProt="0" NvRamBlockIdentifier="0" SelectBlockForReadAll="1" Str_RamBlockDataAddress="Dem_Cfg_StatusData" BswMBlockStatusInformation="0" BlockUseCrc="0" NvBlockNum="0" WriteBlockOnce="0" BlockManagementType="0" Str_BlockName="DemCfg_NvMBlockDescriptor_DemStatus" Str_JobFinishedFunction="Dem_NvM_JobFinished" CalcRamBlockCrc="0" Str_InitFun="NULL" BlockJobPriority="1" NvBlockLength="9" SelectBlockForWriteAll="1" NvRamDeviceId="0" BlockCrcType="2"/>
            <NVMBlockConfig: RomBlockNum="0" MaxNumReadRetries="0" BlockUseSetRamBlockStatus="0" Str_RomBlockDataAddress="NvmRomData_VIN" Str_RomBlockDefaultData="0x4C, 0x58, 0x57, 0x59, 0x45, 0x50, 0x47, 0x32, 0x38, 0x4A, 0x48, 0x30, 0x30, 0x31, 0x37, 0x35, 0x32" NvBlockBaseNumber="5" MaxNumWriteRetries="0" BlockWriteProt="0" NvRamBlockIdentifier="0" SelectBlockForReadAll="1" Str_RamBlockDataAddress="NvmRamData_VIN" BswMBlockStatusInformation="0" BlockUseCrc="0" NvBlockNum="0" WriteBlockOnce="0" BlockManagementType="0" Str_BlockName="NvMConf_NvMBlockDescriptor_VIN" Str_JobFinishedFunction="Rte_Call_VIN_JobFinished" CalcRamBlockCrc="0" Str_InitFun="NULL" BlockJobPriority="1" NvBlockLength="17" SelectBlockForWriteAll="1" NvRamDeviceId="0" BlockCrcType="2"/>
            <NVMBlockConfig: RomBlockNum="0" MaxNumReadRetries="0" BlockUseSetRamBlockStatus="0" Str_RomBlockDataAddress="NvmRomData_EcuConfig" Str_RomBlockDefaultData="0xFF, 0xFF, 0xFF, 0xFF, 0xFF, 0xFF, 0xFF, 0xFF, 0xFF, 0xFF, 0xFF, 0xFF, 0xFF, 0xFF, 0xFF, 0xFF, 0xFF, 0xFF, 0xFF, 0xFF,0xFF, 0xFF, 0xFF, 0xFF, 0xFF, 0xFF, 0xFF, 0xFF, 0xFF, 0xFF, 0xFF, 0xFF, 0xFF, 0xFF, 0xFF, 0xFF, 0xFF, 0xFF, 0xFF, 0xFF,0xFF, 0xFF, 0xFF, 0xFF, 0xFF, 0xFF, 0xFF, 0xFF, 0xFF, 0xFF, 0xFF, 0xFF, 0xFF, 0xFF, 0xFF, 0xFF, 0xFF, 0xFF, 0xFF, 0xFF,0xFF, 0xFF, 0xFF, 0xFF, 0xFF, 0xFF, 0xFF, 0xFF, 0xFF, 0xFF, 0xFF, 0xFF, 0xFF, 0xFF, 0xFF, 0xFF, 0xFF, 0xFF, 0xFF, 0xFF,0xFF, 0xFF, 0xFF, 0xFF, 0xFF, 0xFF, 0xFF, 0xFF, 0xFF, 0xFF, 0xFF, 0xFF, 0xFF, 0xFF, 0xFF, 0xFF, 0xFF, 0xFF, 0xFF, 0xFF,0xFF, 0xFF, 0xFF, 0xFF, 0xFF, 0xFF, 0xFF, 0xFF, 0xFF, 0xFF, 0xFF, 0xFF, 0xFF, 0xFF, 0xFF, 0xFF, 0xFF, 0xFF, 0xFF, 0xFF,0xFF, 0xFF, 0xFF, 0xFF, 0xFF, 0xFF, 0xFF, 0xFF, 0xFF, 0xFF, 0xFF, 0xFF, 0xFF, 0xFF, 0xFF, 0xFF, 0xFF, 0xFF, 0xFF, 0xFF,0xFF, 0xFF, 0xFF, 0xFF, 0xFF, 0xFF, 0xFF, 0xFF, 0xFF, 0xFF, 0xFF, 0xFF, 0xFF, 0xFF, 0xFF, 0xFF, 0xFF, 0xFF, 0xFF, 0xFF,0xFF, 0xFF, 0xFF, 0xFF, 0xFF, 0xFF, 0xFF, 0xFF, 0xFF, 0xFF, 0xFF, 0xFF, 0xFF, 0xFF, 0xFF, 0xFF, 0xFF, 0xFF, 0xFF, 0xFF,0xFF, 0xFF, 0xFF, 0xFF, 0xFF, 0xFF, 0xFF, 0xFF, 0xFF, 0xFF, 0xFF, 0xFF, 0xFF, 0xFF, 0xFF, 0xFF, 0xFF, 0xFF, 0xFF, 0xFF" NvBlockBaseNumber="6" MaxNumWriteRetries="0" BlockWriteProt="0" NvRamBlockIdentifier="0" SelectBlockForReadAll="1" Str_RamBlockDataAddress="NvmRamData_EcuConfig" BswMBlockStatusInformation="0" BlockUseCrc="0" NvBlockNum="0" WriteBlockOnce="0" BlockManagementType="0" Str_BlockName="NvMConf_NvMBlockDescriptor_EcuConfig" Str_JobFinishedFunction="Rte_Call_EcuConfig_JobFinished" CalcRamBlockCrc="0" Str_InitFun="NULL" BlockJobPriority="1" NvBlockLength="200" SelectBlockForWriteAll="1" NvRamDeviceId="0" BlockCrcType="2"/>
            <NVMBlockConfig: RomBlockNum="0" MaxNumReadRetries="0" BlockUseSetRamBlockStatus="0" Str_RomBlockDataAddress="NvmRomData_EIDCConfig" Str_RomBlockDefaultData="0,1,0,2,0,0,0,0" NvBlockBaseNumber="7" MaxNumWriteRetries="0" BlockWriteProt="0" NvRamBlockIdentifier="0" SelectBlockForReadAll="1" Str_RamBlockDataAddress="NvmRamData_EIDCConfig" BswMBlockStatusInformation="0" BlockUseCrc="0" NvBlockNum="0" WriteBlockOnce="0" BlockManagementType="0" Str_BlockName="NvMConf_NvMBlockDescriptor_EIDCConfig" Str_JobFinishedFunction="Rte_Call_EIDCConfig_JobFinished" CalcRamBlockCrc="0" Str_InitFun="NULL" BlockJobPriority="1" NvBlockLength="8" SelectBlockForWriteAll="1" NvRamDeviceId="0" BlockCrcType="2"/>
            <NVMBlockConfig: RomBlockNum="0" MaxNumReadRetries="0" BlockUseSetRamBlockStatus="0" Str_RomBlockDataAddress="Dem_MemoryEntryInit" Str_RomBlockDefaultData="0" NvBlockBaseNumber="8" MaxNumWriteRetries="0" BlockWriteProt="0" NvRamBlockIdentifier="0" SelectBlockForReadAll="1" Str_RamBlockDataAddress="Dem_PrimaryEntry_000" BswMBlockStatusInformation="0" BlockUseCrc="0" NvBlockNum="0" WriteBlockOnce="0" BlockManagementType="0" Str_BlockName="DemCfg_NvMBlockDescriptor_DemPrimary_000" Str_JobFinishedFunction="Dem_NvM_JobFinished" CalcRamBlockCrc="0" Str_InitFun="NULL" BlockJobPriority="1" NvBlockLength="24" SelectBlockForWriteAll="1" NvRamDeviceId="0" BlockCrcType="2"/>
            <NVMBlockConfig: RomBlockNum="0" MaxNumReadRetries="0" BlockUseSetRamBlockStatus="0" Str_RomBlockDataAddress="Dem_MemoryEntryInit" Str_RomBlockDefaultData="0" NvBlockBaseNumber="9" MaxNumWriteRetries="0" BlockWriteProt="0" NvRamBlockIdentifier="0" SelectBlockForReadAll="1" Str_RamBlockDataAddress="Dem_PrimaryEntry_001" BswMBlockStatusInformation="0" BlockUseCrc="0" NvBlockNum="0" WriteBlockOnce="0" BlockManagementType="0" Str_BlockName="DemCfg_NvMBlockDescriptor_DemPrimary_001" Str_JobFinishedFunction="Dem_NvM_JobFinished" CalcRamBlockCrc="0" Str_InitFun="NULL" BlockJobPriority="1" NvBlockLength="24" SelectBlockForWriteAll="1" NvRamDeviceId="0" BlockCrcType="2"/>
            <NVMBlockConfig: RomBlockNum="0" MaxNumReadRetries="0" BlockUseSetRamBlockStatus="0" Str_RomBlockDataAddress="Dem_MemoryEntryInit" Str_RomBlockDefaultData="0" NvBlockBaseNumber="10" MaxNumWriteRetries="0" BlockWriteProt="0" NvRamBlockIdentifier="0" SelectBlockForReadAll="1" Str_RamBlockDataAddress="Dem_PrimaryEntry_002" BswMBlockStatusInformation="0" BlockUseCrc="0" NvBlockNum="0" WriteBlockOnce="0" BlockManagementType="0" Str_BlockName="DemCfg_NvMBlockDescriptor_DemPrimary_002" Str_JobFinishedFunction="Dem_NvM_JobFinished" CalcRamBlockCrc="0" Str_InitFun="NULL" BlockJobPriority="1" NvBlockLength="24" SelectBlockForWriteAll="1" NvRamDeviceId="0" BlockCrcType="2"/>
            <NVMBlockConfig: RomBlockNum="0" MaxNumReadRetries="0" BlockUseSetRamBlockStatus="0" Str_RomBlockDataAddress="Dem_MemoryEntryInit" Str_RomBlockDefaultData="0" NvBlockBaseNumber="11" MaxNumWriteRetries="0" BlockWriteProt="0" NvRamBlockIdentifier="0" SelectBlockForReadAll="1" Str_RamBlockDataAddress="Dem_PrimaryEntry_003" BswMBlockStatusInformation="0" BlockUseCrc="0" NvBlockNum="0" WriteBlockOnce="0" BlockManagementType="0" Str_BlockName="DemCfg_NvMBlockDescriptor_DemPrimary_003" Str_JobFinishedFunction="Dem_NvM_JobFinished" CalcRamBlockCrc="0" Str_InitFun="NULL" BlockJobPriority="1" NvBlockLength="24" SelectBlockForWriteAll="1" NvRamDeviceId="0" BlockCrcType="2"/>
            <NVMBlockConfig: RomBlockNum="0" MaxNumReadRetries="0" BlockUseSetRamBlockStatus="0" Str_RomBlockDataAddress="Dem_MemoryEntryInit" Str_RomBlockDefaultData="0" NvBlockBaseNumber="12" MaxNumWriteRetries="0" BlockWriteProt="0" NvRamBlockIdentifier="0" SelectBlockForReadAll="1" Str_RamBlockDataAddress="Dem_PrimaryEntry_004" BswMBlockStatusInformation="0" BlockUseCrc="0" NvBlockNum="0" WriteBlockOnce="0" BlockManagementType="0" Str_BlockName="DemCfg_NvMBlockDescriptor_DemPrimary_004" Str_JobFinishedFunction="Dem_NvM_JobFinished" CalcRamBlockCrc="0" Str_InitFun="NULL" BlockJobPriority="1" NvBlockLength="24" SelectBlockForWriteAll="1" NvRamDeviceId="0" BlockCrcType="2"/>
            <NVMBlockConfig: RomBlockNum="0" MaxNumReadRetries="0" BlockUseSetRamBlockStatus="0" Str_RomBlockDataAddress="Dem_MemoryEntryInit" Str_RomBlockDefaultData="0" NvBlockBaseNumber="13" MaxNumWriteRetries="0" BlockWriteProt="0" NvRamBlockIdentifier="0" SelectBlockForReadAll="1" Str_RamBlockDataAddress="Dem_PrimaryEntry_005" BswMBlockStatusInformation="0" BlockUseCrc="0" NvBlockNum="0" WriteBlockOnce="0" BlockManagementType="0" Str_BlockName="DemCfg_NvMBlockDescriptor_DemPrimary_005" Str_JobFinishedFunction="Dem_NvM_JobFinished" CalcRamBlockCrc="0" Str_InitFun="NULL" BlockJobPriority="1" NvBlockLength="24" SelectBlockForWriteAll="1" NvRamDeviceId="0" BlockCrcType="2"/>
            <NVMBlockConfig: RomBlockNum="0" MaxNumReadRetries="0" BlockUseSetRamBlockStatus="0" Str_RomBlockDataAddress="Dem_MemoryEntryInit" Str_RomBlockDefaultData="0" NvBlockBaseNumber="14" MaxNumWriteRetries="0" BlockWriteProt="0" NvRamBlockIdentifier="0" SelectBlockForReadAll="1" Str_RamBlockDataAddress="Dem_PrimaryEntry_006" BswMBlockStatusInformation="0" BlockUseCrc="0" NvBlockNum="0" WriteBlockOnce="0" BlockManagementType="0" Str_BlockName="DemCfg_NvMBlockDescriptor_DemPrimary_006" Str_JobFinishedFunction="Dem_NvM_JobFinished" CalcRamBlockCrc="0" Str_InitFun="NULL" BlockJobPriority="1" NvBlockLength="24" SelectBlockForWriteAll="1" NvRamDeviceId="0" BlockCrcType="2"/>
        </NVMBlockConfig>
        <FEEBlockConfig>
            <FEEBlockConfig: FEE_NUM_PARTITIONS="1"/>
            <FEEBlockConfig: FEE_MAX_LENGTH="216"/>
            <FEEBlockConfig: FEE_SECTOR_SIZE="2048"/>
            <FEEBlockConfig: FEE_SECTOR_HEADER_SIZE="8"/>
            <FEEBlockConfig: FEE_SECTOR_FOOTER_SIZE="8"/>
            <FEEBlockConfig: FEE_HEADER_SIZE="8"/>
        </FEEBlockConfig>
    </NVMConfig>
</DiagConfigs>
