<DiagConfigs>
    <DcmConfig>
        <DcmGeneralConfig>
            <DcmGeneralConfig: DcmTesterResponseAddr="1"/>
            <DcmGeneralConfig: DcmTesterSourcePhyAddr="1"/>
            <DcmGeneralConfig: DcmTesterSourceFuncAddr="0"/>
            <DcmGeneralConfig: DcmDslBufferSize="4095"/>
        </DcmGeneralConfig>
        <DidConfig>
            <DidConfig: Operation="2" Did="a1a1" DataLen="0" IsOnlyEol="0"/>
            <DidConfig: Operation="2" Did="f190" DataLen="11" IsOnlyEol="0"/>
            <DidConfig: Operation="2" Did="f193" DataLen="0" IsOnlyEol="0"/>
            <DidConfig: Operation="1" Did="f195" DataLen="4" IsOnlyEol="0"/>
            <DidConfig: Operation="3" Did="f1b1" DataLen="0" IsOnlyEol="0"/>
            <DidConfig: Operation="1" Did="f187" DataLen="0" IsOnlyEol="0"/>
            <DidConfig: Operation="1" Did="f18a" DataLen="8" IsOnlyEol="0"/>
            <DidConfig: Operation="3" Did="f18c" DataLen="14" IsOnlyEol="0"/>
            <DidConfig: Operation="1" Did="f1a2" DataLen="13" IsOnlyEol="0"/>
            <DidConfig: Operation="1" Did="f1b5" DataLen="4" IsOnlyEol="0"/>
            <DidConfig: Operation="1" Did="f189" DataLen="0" IsOnlyEol="0"/>
            <DidConfig: Operation="1" Did="f1c0" DataLen="0" IsOnlyEol="0"/>
            <DidConfig: Operation="1" Did="f1c1" DataLen="0" IsOnlyEol="0"/>
            <DidConfig: Operation="3" Did="f299" DataLen="4" IsOnlyEol="0"/>
            <DidConfig: Operation="3" Did="f298" DataLen="10" IsOnlyEol="0"/>
            <DidConfig: Operation="7" Did="f297" DataLen="2" IsOnlyEol="1"/>
        </DidConfig>
        <RidConfig>
            <RidConfig: Rid="202" RoutineControlOptionRecord="0" Operation="15" RoutineType="6"/>
            <RidConfig: Rid="203" RoutineControlOptionRecord="0" Operation="15" RoutineType="6"/>
            <RidConfig: Rid="ff01" RoutineControlOptionRecord="0" Operation="15" RoutineType="6"/>
            <RidConfig: Rid="f103" RoutineControlOptionRecord="0" Operation="15" RoutineType="6"/>
            <RidConfig: Rid="f104" RoutineControlOptionRecord="0" Operation="15" RoutineType="6"/>
            <RidConfig: Rid="f11e" RoutineControlOptionRecord="1" Operation="15" RoutineType="6"/>
        </RidConfig>
    </DcmConfig>
    <DemConfig>
        <OpCycleConfig>
            <OpCycleConfig: Type="0" Id="0" AutoStop="0" AutoStart="0"/>
            <OpCycleConfig: Type="0" Id="1" AutoStop="0" AutoStart="0"/>
            <OpCycleConfig: Type="0" Id="2" AutoStop="0" AutoStart="0"/>
            <OpCycleConfig: Type="0" Id="3" AutoStop="1" AutoStart="1"/>
        </OpCycleConfig>
        <DebounceConfig>
            <DebounceConfig: PassedTimeThershold="100" DecStepSize="0" JumpUp="0" FailedThershold="0" JumpDown="0" JumpUpValue="0" behavior="1" PassedThershold="0" FailedTimeThershold="100" IncStepSize="0" AlgoClass="1" JumpDownValue="0"/>
            <DebounceConfig: PassedTimeThershold="0" DecStepSize="-1" JumpUp="0" FailedThershold="127" JumpDown="0" JumpUpValue="0" behavior="1" PassedThershold="-128" FailedTimeThershold="0" IncStepSize="1" AlgoClass="0" JumpDownValue="0"/>
            <DebounceConfig: PassedTimeThershold="0" DecStepSize="0" JumpUp="0" FailedThershold="0" JumpDown="0" JumpUpValue="0" behavior="1" PassedThershold="0" FailedTimeThershold="0" IncStepSize="0" AlgoClass="3" JumpDownValue="0"/>
        </DebounceConfig>
        <DTCConfig>
            <DTCConfig: EventKind="0" DTCTableRef="0" OpCycleRef="4" AgingAllowed="0" AttrbsRef="0" DebounceTableRef="255" FailureCycleCounterThershold="255" Value="ffffff" EnableConditionRef="0" AgingOpCycleRef="4" ImmediateNvStorageAllowed="0" DemCallbackInitMForE="((void *) 0)" Id="0" StorageConditionRef="0" AvailableStatus="0" AgingThershold="255"/>
            <DTCConfig: EventKind="0" DTCTableRef="1" OpCycleRef="2" AgingAllowed="1" AttrbsRef="1" DebounceTableRef="255" FailureCycleCounterThershold="255" Value="0" EnableConditionRef="0" AgingOpCycleRef="0" ImmediateNvStorageAllowed="1" DemCallbackInitMForE="((void *) 0)" Id="1" StorageConditionRef="0" AvailableStatus="1" AgingThershold="40"/>
            <DTCConfig: EventKind="1" DTCTableRef="2" OpCycleRef="2" AgingAllowed="1" AttrbsRef="2" DebounceTableRef="255" FailureCycleCounterThershold="255" Value="0" EnableConditionRef="0" AgingOpCycleRef="0" ImmediateNvStorageAllowed="1" DemCallbackInitMForE="((void *) 0)" Id="2" StorageConditionRef="0" AvailableStatus="1" AgingThershold="40"/>
            <DTCConfig: EventKind="0" DTCTableRef="3" OpCycleRef="3" AgingAllowed="1" AttrbsRef="3" DebounceTableRef="1" FailureCycleCounterThershold="255" Value="c14087" EnableConditionRef="0" AgingOpCycleRef="0" ImmediateNvStorageAllowed="1" DemCallbackInitMForE="((void *) 0)" Id="3" StorageConditionRef="0" AvailableStatus="1" AgingThershold="40"/>
            <DTCConfig: EventKind="0" DTCTableRef="4" OpCycleRef="3" AgingAllowed="1" AttrbsRef="4" DebounceTableRef="0" FailureCycleCounterThershold="255" Value="d10017" EnableConditionRef="0" AgingOpCycleRef="3" ImmediateNvStorageAllowed="1" DemCallbackInitMForE="((void *) 0)" Id="4" StorageConditionRef="0" AvailableStatus="1" AgingThershold="40"/>
            <DTCConfig: EventKind="0" DTCTableRef="5" OpCycleRef="3" AgingAllowed="1" AttrbsRef="5" DebounceTableRef="0" FailureCycleCounterThershold="255" Value="d10116" EnableConditionRef="0" AgingOpCycleRef="3" ImmediateNvStorageAllowed="1" DemCallbackInitMForE="((void *) 0)" Id="5" StorageConditionRef="0" AvailableStatus="1" AgingThershold="40"/>
            <DTCConfig: EventKind="0" DTCTableRef="6" OpCycleRef="3" AgingAllowed="1" AttrbsRef="6" DebounceTableRef="0" FailureCycleCounterThershold="255" Value="c07388" EnableConditionRef="0" AgingOpCycleRef="3" ImmediateNvStorageAllowed="1" DemCallbackInitMForE="((void *) 0)" Id="6" StorageConditionRef="0" AvailableStatus="1" AgingThershold="40"/>
            <DTCConfig: EventKind="0" DTCTableRef="7" OpCycleRef="3" AgingAllowed="1" AttrbsRef="7" DebounceTableRef="0" FailureCycleCounterThershold="255" Value="900a98" EnableConditionRef="0" AgingOpCycleRef="3" ImmediateNvStorageAllowed="1" DemCallbackInitMForE="((void *) 0)" Id="7" StorageConditionRef="0" AvailableStatus="1" AgingThershold="40"/>
            <DTCConfig: EventKind="0" DTCTableRef="8" OpCycleRef="3" AgingAllowed="1" AttrbsRef="8" DebounceTableRef="0" FailureCycleCounterThershold="255" Value="900a81" EnableConditionRef="0" AgingOpCycleRef="3" ImmediateNvStorageAllowed="1" DemCallbackInitMForE="((void *) 0)" Id="8" StorageConditionRef="0" AvailableStatus="1" AgingThershold="40"/>
            <DTCConfig: EventKind="0" DTCTableRef="9" OpCycleRef="3" AgingAllowed="1" AttrbsRef="9" DebounceTableRef="0" FailureCycleCounterThershold="255" Value="900a96" EnableConditionRef="0" AgingOpCycleRef="3" ImmediateNvStorageAllowed="1" DemCallbackInitMForE="((void *) 0)" Id="9" StorageConditionRef="0" AvailableStatus="1" AgingThershold="40"/>
        </DTCConfig>
    </DemConfig>
    <NVMConfig>
        <NVMBlockConfig>
            <NVMBlockConfig: SelectBlockForWriteAll="1" BlockWriteProt="0" Str_RamBlockDataAddress="NULL" MaxNumReadRetries="0" NvBlockBaseNumber="0" NvRamBlockIdentifier="0" BlockCrcType="2" Str_RomBlockDataAddress="NULL" NvRamDeviceId="0" BlockJobPriority="1" Str_BlockName="NvMConf___MultiBlockRequest" Str_JobFinishedFunction="NULL" NvBlockNum="0" RomBlockNum="0" NvBlockLength="0" BswMBlockStatusInformation="0" Str_RomBlockDefaultData="0" CalcRamBlockCrc="0" WriteBlockOnce="0" MaxNumWriteRetries="0" Str_InitFun="NULL" BlockUseSetRamBlockStatus="0" SelectBlockForReadAll="1" BlockUseCrc="0" BlockManagementType="0"/>
            <NVMBlockConfig: SelectBlockForWriteAll="1" BlockWriteProt="0" Str_RamBlockDataAddress="NvMConfigBlock_RamBlock_au8" MaxNumReadRetries="0" NvBlockBaseNumber="0" NvRamBlockIdentifier="0" BlockCrcType="2" Str_RomBlockDataAddress="NULL" NvRamDeviceId="0" BlockJobPriority="1" Str_BlockName="NvMConf_NvMBlockDescriptor_NvMConfigBlock" Str_JobFinishedFunction="NULL" NvBlockNum="0" RomBlockNum="0" NvBlockLength="32" BswMBlockStatusInformation="0" Str_RomBlockDefaultData="0" CalcRamBlockCrc="0" WriteBlockOnce="0" MaxNumWriteRetries="0" Str_InitFun="NULL" BlockUseSetRamBlockStatus="0" SelectBlockForReadAll="1" BlockUseCrc="0" BlockManagementType="0"/>
            <NVMBlockConfig: SelectBlockForWriteAll="1" BlockWriteProt="0" Str_RamBlockDataAddress="Dem_Cfg_OpCycle" MaxNumReadRetries="0" NvBlockBaseNumber="2" NvRamBlockIdentifier="0" BlockCrcType="2" Str_RomBlockDataAddress="DemCfg_OpCycle_Default" NvRamDeviceId="0" BlockJobPriority="1" Str_BlockName="DemCfg_NvMBlockDescriptor_OpCycle" Str_JobFinishedFunction="Dem_NvM_JobFinished" NvBlockNum="0" RomBlockNum="0" NvBlockLength="9" BswMBlockStatusInformation="0" Str_RomBlockDefaultData="0" CalcRamBlockCrc="0" WriteBlockOnce="0" MaxNumWriteRetries="0" Str_InitFun="NULL" BlockUseSetRamBlockStatus="0" SelectBlockForReadAll="1" BlockUseCrc="0" BlockManagementType="0"/>
            <NVMBlockConfig: SelectBlockForWriteAll="1" BlockWriteProt="0" Str_RamBlockDataAddress="Dem_Cfg_AdminData" MaxNumReadRetries="0" NvBlockBaseNumber="3" NvRamBlockIdentifier="0" BlockCrcType="2" Str_RomBlockDataAddress="DemCfg_AdminData_Default" NvRamDeviceId="0" BlockJobPriority="1" Str_BlockName="DemCfg_NvMBlockDescriptor_DemAdmin" Str_JobFinishedFunction="Dem_NvM_JobFinished" NvBlockNum="0" RomBlockNum="0" NvBlockLength="20" BswMBlockStatusInformation="0" Str_RomBlockDefaultData="0" CalcRamBlockCrc="0" WriteBlockOnce="0" MaxNumWriteRetries="0" Str_InitFun="NULL" BlockUseSetRamBlockStatus="0" SelectBlockForReadAll="1" BlockUseCrc="0" BlockManagementType="0"/>
            <NVMBlockConfig: SelectBlockForWriteAll="1" BlockWriteProt="0" Str_RamBlockDataAddress="Dem_Cfg_StatusData" MaxNumReadRetries="0" NvBlockBaseNumber="4" NvRamBlockIdentifier="0" BlockCrcType="2" Str_RomBlockDataAddress="DemCfg_StatusData_Default" NvRamDeviceId="0" BlockJobPriority="1" Str_BlockName="DemCfg_NvMBlockDescriptor_DemStatus" Str_JobFinishedFunction="Dem_NvM_JobFinished" NvBlockNum="0" RomBlockNum="0" NvBlockLength="9" BswMBlockStatusInformation="0" Str_RomBlockDefaultData="0" CalcRamBlockCrc="0" WriteBlockOnce="0" MaxNumWriteRetries="0" Str_InitFun="NULL" BlockUseSetRamBlockStatus="0" SelectBlockForReadAll="1" BlockUseCrc="0" BlockManagementType="0"/>
            <NVMBlockConfig: SelectBlockForWriteAll="1" BlockWriteProt="0" Str_RamBlockDataAddress="NvmRamData_VIN" MaxNumReadRetries="0" NvBlockBaseNumber="5" NvRamBlockIdentifier="0" BlockCrcType="2" Str_RomBlockDataAddress="NvmRomData_VIN" NvRamDeviceId="0" BlockJobPriority="1" Str_BlockName="NvMConf_NvMBlockDescriptor_VIN" Str_JobFinishedFunction="Rte_Call_VIN_JobFinished" NvBlockNum="0" RomBlockNum="0" NvBlockLength="17" BswMBlockStatusInformation="0" Str_RomBlockDefaultData="0x4C, 0x58, 0x57, 0x59, 0x45, 0x50, 0x47, 0x32, 0x38, 0x4A, 0x48, 0x30, 0x30, 0x31, 0x37, 0x35, 0x32" CalcRamBlockCrc="0" WriteBlockOnce="0" MaxNumWriteRetries="0" Str_InitFun="NULL" BlockUseSetRamBlockStatus="0" SelectBlockForReadAll="1" BlockUseCrc="0" BlockManagementType="0"/>
            <NVMBlockConfig: SelectBlockForWriteAll="1" BlockWriteProt="0" Str_RamBlockDataAddress="NvmRamData_EcuConfig" MaxNumReadRetries="0" NvBlockBaseNumber="6" NvRamBlockIdentifier="0" BlockCrcType="2" Str_RomBlockDataAddress="NvmRomData_EcuConfig" NvRamDeviceId="0" BlockJobPriority="1" Str_BlockName="NvMConf_NvMBlockDescriptor_EcuConfig" Str_JobFinishedFunction="Rte_Call_EcuConfig_JobFinished" NvBlockNum="0" RomBlockNum="0" NvBlockLength="200" BswMBlockStatusInformation="0" Str_RomBlockDefaultData="0xFF, 0xFF, 0xFF, 0xFF, 0xFF, 0xFF, 0xFF, 0xFF, 0xFF, 0xFF, 0xFF, 0xFF, 0xFF, 0xFF, 0xFF, 0xFF, 0xFF, 0xFF, 0xFF, 0xFF,0xFF, 0xFF, 0xFF, 0xFF, 0xFF, 0xFF, 0xFF, 0xFF, 0xFF, 0xFF, 0xFF, 0xFF, 0xFF, 0xFF, 0xFF, 0xFF, 0xFF, 0xFF, 0xFF, 0xFF,0xFF, 0xFF, 0xFF, 0xFF, 0xFF, 0xFF, 0xFF, 0xFF, 0xFF, 0xFF, 0xFF, 0xFF, 0xFF, 0xFF, 0xFF, 0xFF, 0xFF, 0xFF, 0xFF, 0xFF,0xFF, 0xFF, 0xFF, 0xFF, 0xFF, 0xFF, 0xFF, 0xFF, 0xFF, 0xFF, 0xFF, 0xFF, 0xFF, 0xFF, 0xFF, 0xFF, 0xFF, 0xFF, 0xFF, 0xFF,0xFF, 0xFF, 0xFF, 0xFF, 0xFF, 0xFF, 0xFF, 0xFF, 0xFF, 0xFF, 0xFF, 0xFF, 0xFF, 0xFF, 0xFF, 0xFF, 0xFF, 0xFF, 0xFF, 0xFF,0xFF, 0xFF, 0xFF, 0xFF, 0xFF, 0xFF, 0xFF, 0xFF, 0xFF, 0xFF, 0xFF, 0xFF, 0xFF, 0xFF, 0xFF, 0xFF, 0xFF, 0xFF, 0xFF, 0xFF,0xFF, 0xFF, 0xFF, 0xFF, 0xFF, 0xFF, 0xFF, 0xFF, 0xFF, 0xFF, 0xFF, 0xFF, 0xFF, 0xFF, 0xFF, 0xFF, 0xFF, 0xFF, 0xFF, 0xFF,0xFF, 0xFF, 0xFF, 0xFF, 0xFF, 0xFF, 0xFF, 0xFF, 0xFF, 0xFF, 0xFF, 0xFF, 0xFF, 0xFF, 0xFF, 0xFF, 0xFF, 0xFF, 0xFF, 0xFF,0xFF, 0xFF, 0xFF, 0xFF, 0xFF, 0xFF, 0xFF, 0xFF, 0xFF, 0xFF, 0xFF, 0xFF, 0xFF, 0xFF, 0xFF, 0xFF, 0xFF, 0xFF, 0xFF, 0xFF,0xFF, 0xFF, 0xFF, 0xFF, 0xFF, 0xFF, 0xFF, 0xFF, 0xFF, 0xFF, 0xFF, 0xFF, 0xFF, 0xFF, 0xFF, 0xFF, 0xFF, 0xFF, 0xFF, 0xFF" CalcRamBlockCrc="0" WriteBlockOnce="0" MaxNumWriteRetries="0" Str_InitFun="NULL" BlockUseSetRamBlockStatus="0" SelectBlockForReadAll="1" BlockUseCrc="0" BlockManagementType="0"/>
            <NVMBlockConfig: SelectBlockForWriteAll="1" BlockWriteProt="0" Str_RamBlockDataAddress="NvmRamData_EIDCConfig" MaxNumReadRetries="0" NvBlockBaseNumber="7" NvRamBlockIdentifier="0" BlockCrcType="2" Str_RomBlockDataAddress="NvmRomData_EIDCConfig" NvRamDeviceId="0" BlockJobPriority="1" Str_BlockName="NvMConf_NvMBlockDescriptor_EIDCConfig" Str_JobFinishedFunction="Rte_Call_EIDCConfig_JobFinished" NvBlockNum="0" RomBlockNum="0" NvBlockLength="8" BswMBlockStatusInformation="0" Str_RomBlockDefaultData="0,1,0,2,0,0,0,0" CalcRamBlockCrc="0" WriteBlockOnce="0" MaxNumWriteRetries="0" Str_InitFun="NULL" BlockUseSetRamBlockStatus="0" SelectBlockForReadAll="1" BlockUseCrc="0" BlockManagementType="0"/>
            <NVMBlockConfig: SelectBlockForWriteAll="1" BlockWriteProt="0" Str_RamBlockDataAddress="Dem_PrimaryEntry_000" MaxNumReadRetries="0" NvBlockBaseNumber="8" NvRamBlockIdentifier="0" BlockCrcType="2" Str_RomBlockDataAddress="Dem_MemoryEntryInit" NvRamDeviceId="0" BlockJobPriority="1" Str_BlockName="DemCfg_NvMBlockDescriptor_DemPrimary_000" Str_JobFinishedFunction="Dem_NvM_JobFinished" NvBlockNum="0" RomBlockNum="0" NvBlockLength="24" BswMBlockStatusInformation="0" Str_RomBlockDefaultData="0" CalcRamBlockCrc="0" WriteBlockOnce="0" MaxNumWriteRetries="0" Str_InitFun="NULL" BlockUseSetRamBlockStatus="0" SelectBlockForReadAll="1" BlockUseCrc="0" BlockManagementType="0"/>
            <NVMBlockConfig: SelectBlockForWriteAll="1" BlockWriteProt="0" Str_RamBlockDataAddress="Dem_PrimaryEntry_001" MaxNumReadRetries="0" NvBlockBaseNumber="9" NvRamBlockIdentifier="0" BlockCrcType="2" Str_RomBlockDataAddress="Dem_MemoryEntryInit" NvRamDeviceId="0" BlockJobPriority="1" Str_BlockName="DemCfg_NvMBlockDescriptor_DemPrimary_001" Str_JobFinishedFunction="Dem_NvM_JobFinished" NvBlockNum="0" RomBlockNum="0" NvBlockLength="24" BswMBlockStatusInformation="0" Str_RomBlockDefaultData="0" CalcRamBlockCrc="0" WriteBlockOnce="0" MaxNumWriteRetries="0" Str_InitFun="NULL" BlockUseSetRamBlockStatus="0" SelectBlockForReadAll="1" BlockUseCrc="0" BlockManagementType="0"/>
            <NVMBlockConfig: SelectBlockForWriteAll="1" BlockWriteProt="0" Str_RamBlockDataAddress="Dem_PrimaryEntry_002" MaxNumReadRetries="0" NvBlockBaseNumber="10" NvRamBlockIdentifier="0" BlockCrcType="2" Str_RomBlockDataAddress="Dem_MemoryEntryInit" NvRamDeviceId="0" BlockJobPriority="1" Str_BlockName="DemCfg_NvMBlockDescriptor_DemPrimary_002" Str_JobFinishedFunction="Dem_NvM_JobFinished" NvBlockNum="0" RomBlockNum="0" NvBlockLength="24" BswMBlockStatusInformation="0" Str_RomBlockDefaultData="0" CalcRamBlockCrc="0" WriteBlockOnce="0" MaxNumWriteRetries="0" Str_InitFun="NULL" BlockUseSetRamBlockStatus="0" SelectBlockForReadAll="1" BlockUseCrc="0" BlockManagementType="0"/>
            <NVMBlockConfig: SelectBlockForWriteAll="1" BlockWriteProt="0" Str_RamBlockDataAddress="Dem_PrimaryEntry_003" MaxNumReadRetries="0" NvBlockBaseNumber="11" NvRamBlockIdentifier="0" BlockCrcType="2" Str_RomBlockDataAddress="Dem_MemoryEntryInit" NvRamDeviceId="0" BlockJobPriority="1" Str_BlockName="DemCfg_NvMBlockDescriptor_DemPrimary_003" Str_JobFinishedFunction="Dem_NvM_JobFinished" NvBlockNum="0" RomBlockNum="0" NvBlockLength="24" BswMBlockStatusInformation="0" Str_RomBlockDefaultData="0" CalcRamBlockCrc="0" WriteBlockOnce="0" MaxNumWriteRetries="0" Str_InitFun="NULL" BlockUseSetRamBlockStatus="0" SelectBlockForReadAll="1" BlockUseCrc="0" BlockManagementType="0"/>
            <NVMBlockConfig: SelectBlockForWriteAll="1" BlockWriteProt="0" Str_RamBlockDataAddress="Dem_PrimaryEntry_004" MaxNumReadRetries="0" NvBlockBaseNumber="12" NvRamBlockIdentifier="0" BlockCrcType="2" Str_RomBlockDataAddress="Dem_MemoryEntryInit" NvRamDeviceId="0" BlockJobPriority="1" Str_BlockName="DemCfg_NvMBlockDescriptor_DemPrimary_004" Str_JobFinishedFunction="Dem_NvM_JobFinished" NvBlockNum="0" RomBlockNum="0" NvBlockLength="24" BswMBlockStatusInformation="0" Str_RomBlockDefaultData="0" CalcRamBlockCrc="0" WriteBlockOnce="0" MaxNumWriteRetries="0" Str_InitFun="NULL" BlockUseSetRamBlockStatus="0" SelectBlockForReadAll="1" BlockUseCrc="0" BlockManagementType="0"/>
            <NVMBlockConfig: SelectBlockForWriteAll="1" BlockWriteProt="0" Str_RamBlockDataAddress="Dem_PrimaryEntry_005" MaxNumReadRetries="0" NvBlockBaseNumber="13" NvRamBlockIdentifier="0" BlockCrcType="2" Str_RomBlockDataAddress="Dem_MemoryEntryInit" NvRamDeviceId="0" BlockJobPriority="1" Str_BlockName="DemCfg_NvMBlockDescriptor_DemPrimary_005" Str_JobFinishedFunction="Dem_NvM_JobFinished" NvBlockNum="0" RomBlockNum="0" NvBlockLength="24" BswMBlockStatusInformation="0" Str_RomBlockDefaultData="0" CalcRamBlockCrc="0" WriteBlockOnce="0" MaxNumWriteRetries="0" Str_InitFun="NULL" BlockUseSetRamBlockStatus="0" SelectBlockForReadAll="1" BlockUseCrc="0" BlockManagementType="0"/>
            <NVMBlockConfig: SelectBlockForWriteAll="1" BlockWriteProt="0" Str_RamBlockDataAddress="Dem_PrimaryEntry_006" MaxNumReadRetries="0" NvBlockBaseNumber="14" NvRamBlockIdentifier="0" BlockCrcType="2" Str_RomBlockDataAddress="Dem_MemoryEntryInit" NvRamDeviceId="0" BlockJobPriority="1" Str_BlockName="DemCfg_NvMBlockDescriptor_DemPrimary_006" Str_JobFinishedFunction="Dem_NvM_JobFinished" NvBlockNum="0" RomBlockNum="0" NvBlockLength="24" BswMBlockStatusInformation="0" Str_RomBlockDefaultData="0" CalcRamBlockCrc="0" WriteBlockOnce="0" MaxNumWriteRetries="0" Str_InitFun="NULL" BlockUseSetRamBlockStatus="0" SelectBlockForReadAll="1" BlockUseCrc="0" BlockManagementType="0"/>
        </NVMBlockConfig>
        <FEEBlockConfig>
            <FEEBlockConfig: FEE_NUM_PARTITIONS="1"/>
            <FEEBlockConfig: FEE_MAX_LENGTH="216"/>
            <FEEBlockConfig: FEE_SECTOR_SIZE="2048"/>
            <FEEBlockConfig: FEE_SECTOR_HEADER_SIZE="8"/>
            <FEEBlockConfig: FEE_SECTOR_FOOTER_SIZE="8"/>
            <FEEBlockConfig: FEE_HEADER_SIZE="8"/>
        </FEEBlockConfig>
    </NVMConfig>
</DiagConfigs>
