<DiagConfigs>
    <DcmConfig>
        <DcmGeneralConfig>
            <DcmGeneralConfig: DcmTesterResponseAddr="1"/>
            <DcmGeneralConfig: DcmTesterSourcePhyAddr="1"/>
            <DcmGeneralConfig: DcmTesterSourceFuncAddr="0"/>
            <DcmGeneralConfig: DcmDslBufferSize="4095"/>
        </DcmGeneralConfig>
        <DidConfig>
            <DidConfig: Did="a1a1" DataLen="a" Operation="3"/>
            <DidConfig: Did="f190" DataLen="11" Operation="3"/>
            <DidConfig: Did="f193" DataLen="f" Operation="1"/>
            <DidConfig: Did="f195" DataLen="4" Operation="1"/>
            <DidConfig: Did="f1b1" DataLen="c8" Operation="3"/>
            <DidConfig: Did="f187" DataLen="d" Operation="1"/>
            <DidConfig: Did="f18a" DataLen="8" Operation="1"/>
            <DidConfig: Did="f18c" DataLen="14" Operation="1"/>
            <DidConfig: Did="f1a2" DataLen="13" Operation="1"/>
            <DidConfig: Did="f1b5" DataLen="4" Operation="1"/>
            <DidConfig: Did="f189" DataLen="f" Operation="1"/>
            <DidConfig: Did="f1c0" DataLen="f" Operation="1"/>
            <DidConfig: Did="f1c1" DataLen="f" Operation="1"/>
        </DidConfig>
        <RidConfig>
            <RidConfig: Rid="202" RoutineType="6" Operation="f" RoutineControlOptionRecord="0"/>
            <RidConfig: Rid="203" RoutineType="6" Operation="f" RoutineControlOptionRecord="0"/>
            <RidConfig: Rid="ff01" RoutineType="6" Operation="f" RoutineControlOptionRecord="0"/>
            <RidConfig: Rid="f103" RoutineType="6" Operation="f" RoutineControlOptionRecord="0"/>
            <RidConfig: Rid="f104" RoutineType="6" Operation="f" RoutineControlOptionRecord="0"/>
            <RidConfig: Rid="f11e" RoutineType="6" Operation="f" RoutineControlOptionRecord="1"/>
        </RidConfig>
    </DcmConfig>
    <DemConfig>
        <OpCycleConfig>
            <OpCycleConfig: AutoStop="0" Id="0" Type="0" AutoStart="0"/>
            <OpCycleConfig: AutoStop="0" Id="1" Type="0" AutoStart="0"/>
            <OpCycleConfig: AutoStop="0" Id="2" Type="0" AutoStart="0"/>
            <OpCycleConfig: AutoStop="1" Id="3" Type="0" AutoStart="1"/>
        </OpCycleConfig>
        <DebounceConfig>
            <DebounceConfig: PassedThershold="0" IncStepSize="0" FailedTimeThershold="100" behavior="1" JumpUpValue="0" PassedTimeThershold="100" JumpDownValue="0" JumpUp="0" JumpDown="0" FailedThershold="0" DecStepSize="0" AlgoClass="1"/>
            <DebounceConfig: PassedThershold="-128" IncStepSize="1" FailedTimeThershold="0" behavior="1" JumpUpValue="0" PassedTimeThershold="0" JumpDownValue="0" JumpUp="0" JumpDown="0" FailedThershold="127" DecStepSize="-1" AlgoClass="0"/>
            <DebounceConfig: PassedThershold="0" IncStepSize="0" FailedTimeThershold="0" behavior="1" JumpUpValue="0" PassedTimeThershold="0" JumpDownValue="0" JumpUp="0" JumpDown="0" FailedThershold="0" DecStepSize="0" AlgoClass="3"/>
        </DebounceConfig>
        <DTCConfig>
            <DTCConfig: AvailableStatus="0" Id="0" AttrbsRef="0" EnableConditionRef="0" AgingAllowed="0" AgingThershold="255" DemCallbackInitMForE="((void *) 0)" DebounceTableRef="255" Value="ffffff" StorageConditionRef="0" DTCTableRef="0" AgingOpCycleRef="4" ImmediateNvStorageAllowed="0" OpCycleRef="4" EventKind="0" FailureCycleCounterThershold="255"/>
            <DTCConfig: AvailableStatus="1" Id="1" AttrbsRef="1" EnableConditionRef="0" AgingAllowed="1" AgingThershold="40" DemCallbackInitMForE="((void *) 0)" DebounceTableRef="255" Value="0" StorageConditionRef="0" DTCTableRef="1" AgingOpCycleRef="0" ImmediateNvStorageAllowed="1" OpCycleRef="2" EventKind="0" FailureCycleCounterThershold="255"/>
            <DTCConfig: AvailableStatus="1" Id="2" AttrbsRef="2" EnableConditionRef="0" AgingAllowed="1" AgingThershold="40" DemCallbackInitMForE="((void *) 0)" DebounceTableRef="255" Value="0" StorageConditionRef="0" DTCTableRef="2" AgingOpCycleRef="0" ImmediateNvStorageAllowed="1" OpCycleRef="2" EventKind="1" FailureCycleCounterThershold="255"/>
            <DTCConfig: AvailableStatus="1" Id="3" AttrbsRef="3" EnableConditionRef="0" AgingAllowed="1" AgingThershold="40" DemCallbackInitMForE="((void *) 0)" DebounceTableRef="1" Value="c14087" StorageConditionRef="0" DTCTableRef="3" AgingOpCycleRef="0" ImmediateNvStorageAllowed="1" OpCycleRef="3" EventKind="0" FailureCycleCounterThershold="255"/>
            <DTCConfig: AvailableStatus="1" Id="4" AttrbsRef="4" EnableConditionRef="0" AgingAllowed="1" AgingThershold="40" DemCallbackInitMForE="((void *) 0)" DebounceTableRef="0" Value="d10017" StorageConditionRef="0" DTCTableRef="4" AgingOpCycleRef="3" ImmediateNvStorageAllowed="1" OpCycleRef="3" EventKind="0" FailureCycleCounterThershold="255"/>
            <DTCConfig: AvailableStatus="1" Id="5" AttrbsRef="5" EnableConditionRef="0" AgingAllowed="1" AgingThershold="40" DemCallbackInitMForE="((void *) 0)" DebounceTableRef="0" Value="d10116" StorageConditionRef="0" DTCTableRef="5" AgingOpCycleRef="3" ImmediateNvStorageAllowed="1" OpCycleRef="3" EventKind="0" FailureCycleCounterThershold="255"/>
            <DTCConfig: AvailableStatus="1" Id="6" AttrbsRef="6" EnableConditionRef="0" AgingAllowed="1" AgingThershold="40" DemCallbackInitMForE="((void *) 0)" DebounceTableRef="0" Value="c07388" StorageConditionRef="0" DTCTableRef="6" AgingOpCycleRef="3" ImmediateNvStorageAllowed="1" OpCycleRef="3" EventKind="0" FailureCycleCounterThershold="255"/>
            <DTCConfig: AvailableStatus="1" Id="7" AttrbsRef="7" EnableConditionRef="0" AgingAllowed="1" AgingThershold="40" DemCallbackInitMForE="((void *) 0)" DebounceTableRef="0" Value="900a98" StorageConditionRef="0" DTCTableRef="7" AgingOpCycleRef="3" ImmediateNvStorageAllowed="1" OpCycleRef="3" EventKind="0" FailureCycleCounterThershold="255"/>
            <DTCConfig: AvailableStatus="1" Id="8" AttrbsRef="8" EnableConditionRef="0" AgingAllowed="1" AgingThershold="40" DemCallbackInitMForE="((void *) 0)" DebounceTableRef="0" Value="900a81" StorageConditionRef="0" DTCTableRef="8" AgingOpCycleRef="3" ImmediateNvStorageAllowed="1" OpCycleRef="3" EventKind="0" FailureCycleCounterThershold="255"/>
            <DTCConfig: AvailableStatus="1" Id="9" AttrbsRef="9" EnableConditionRef="0" AgingAllowed="1" AgingThershold="40" DemCallbackInitMForE="((void *) 0)" DebounceTableRef="0" Value="900a96" StorageConditionRef="0" DTCTableRef="9" AgingOpCycleRef="3" ImmediateNvStorageAllowed="1" OpCycleRef="3" EventKind="0" FailureCycleCounterThershold="255"/>
        </DTCConfig>
    </DemConfig>
    <NVMConfig>
        <NVMBlockConfig>
            <NVMBlockConfig: NvBlockBaseNumber="0" CalcRamBlockCrc="205" SelectBlockForReadAll="1" Str_JobFinishedFunction="Rte_Call_xxxx_JobFinished" NvRamBlockIdentifier="52685" WriteBlockOnce="205" BlockUseSetRamBlockStatus="205" BlockUseCrc="205" BlockWriteProt="205" NvBlockNum="205" Str_RamBlockDataAddress="NvmRamData_xxxx" BlockJobPriority="1" Str_InitFun="NULL" MaxNumWriteRetries="0" SelectBlockForWriteAll="1" BlockManagementType="0" BlockCrcType="2" MaxNumReadRetries="0" BswMBlockStatusInformation="205" NvBlockLength="0" NvRamDeviceId="0" RomBlockNum="205" Str_BlockName="OOD" Str_RomBlockDataAddress="NvmRomData_xxxx"/>
            <NVMBlockConfig: NvBlockBaseNumber="0" CalcRamBlockCrc="205" SelectBlockForReadAll="1" Str_JobFinishedFunction="Rte_Call_xxxx_JobFinished" NvRamBlockIdentifier="52685" WriteBlockOnce="205" BlockUseSetRamBlockStatus="205" BlockUseCrc="205" BlockWriteProt="205" NvBlockNum="205" Str_RamBlockDataAddress="NvmRamData_xxxx" BlockJobPriority="1" Str_InitFun="NULL" MaxNumWriteRetries="0" SelectBlockForWriteAll="1" BlockManagementType="0" BlockCrcType="2" MaxNumReadRetries="0" BswMBlockStatusInformation="205" NvBlockLength="0" NvRamDeviceId="0" RomBlockNum="205" Str_BlockName="VIN" Str_RomBlockDataAddress="NvmRomData_xxxx"/>
        </NVMBlockConfig>
    </NVMConfig>
</DiagConfigs>
