<DiagConfigs>
    <DcmConfig>
        <DcmGeneralConfig>
            <DcmGeneralConfig: DcmTesterResponseAddr="1"/>
            <DcmGeneralConfig: DcmTesterSourcePhyAddr="1"/>
            <DcmGeneralConfig: DcmTesterSourceFuncAddr="0"/>
            <DcmGeneralConfig: DcmDslBufferSize="4095"/>
        </DcmGeneralConfig>
        <DidConfig>
            <DidConfig: Did="a1a1" DataLen="a" Operation="3"/>
            <DidConfig: Did="f190" DataLen="11" Operation="3"/>
            <DidConfig: Did="f193" DataLen="f" Operation="1"/>
            <DidConfig: Did="f195" DataLen="4" Operation="1"/>
            <DidConfig: Did="f1b1" DataLen="c8" Operation="3"/>
            <DidConfig: Did="f187" DataLen="d" Operation="1"/>
            <DidConfig: Did="f18a" DataLen="8" Operation="1"/>
            <DidConfig: Did="f18c" DataLen="14" Operation="1"/>
            <DidConfig: Did="f1a2" DataLen="13" Operation="1"/>
            <DidConfig: Did="f1b5" DataLen="4" Operation="1"/>
            <DidConfig: Did="f189" DataLen="f" Operation="1"/>
            <DidConfig: Did="f1c0" DataLen="f" Operation="1"/>
            <DidConfig: Did="f1c1" DataLen="f" Operation="1"/>
        </DidConfig>
        <RidConfig>
            <RidConfig: Rid="202" RoutineControlOptionRecord="0" RoutineType="6" Operation="f"/>
            <RidConfig: Rid="203" RoutineControlOptionRecord="0" RoutineType="6" Operation="f"/>
            <RidConfig: Rid="ff01" RoutineControlOptionRecord="0" RoutineType="6" Operation="f"/>
            <RidConfig: Rid="f103" RoutineControlOptionRecord="0" RoutineType="6" Operation="f"/>
            <RidConfig: Rid="f104" RoutineControlOptionRecord="0" RoutineType="6" Operation="f"/>
            <RidConfig: Rid="f11e" RoutineControlOptionRecord="1" RoutineType="6" Operation="f"/>
        </RidConfig>
    </DcmConfig>
    <DemConfig>
        <OpCycleConfig>
            <OpCycleConfig: Id="0" AutoStart="0" AutoStop="0" Type="0"/>
            <OpCycleConfig: Id="1" AutoStart="0" AutoStop="0" Type="0"/>
            <OpCycleConfig: Id="2" AutoStart="0" AutoStop="0" Type="0"/>
            <OpCycleConfig: Id="3" AutoStart="1" AutoStop="1" Type="0"/>
        </OpCycleConfig>
        <DebounceConfig>
            <DebounceConfig: JumpDown="0" FailedThershold="0" JumpDownValue="0" PassedThershold="0" AlgoClass="1" IncStepSize="0" DecStepSize="0" JumpUp="0" PassedTimeThershold="100" JumpUpValue="0" behavior="1" FailedTimeThershold="100"/>
            <DebounceConfig: JumpDown="0" FailedThershold="127" JumpDownValue="0" PassedThershold="-128" AlgoClass="0" IncStepSize="1" DecStepSize="-1" JumpUp="0" PassedTimeThershold="0" JumpUpValue="0" behavior="1" FailedTimeThershold="0"/>
            <DebounceConfig: JumpDown="0" FailedThershold="0" JumpDownValue="0" PassedThershold="0" AlgoClass="3" IncStepSize="0" DecStepSize="0" JumpUp="0" PassedTimeThershold="0" JumpUpValue="0" behavior="1" FailedTimeThershold="0"/>
        </DebounceConfig>
        <DTCConfig>
            <DTCConfig: AttrbsRef="0" ImmediateNvStorageAllowed="0" Value="ffffff" AgingThershold="255" Id="0" OpCycleRef="4" EnableConditionRef="0" AvailableStatus="0" FailureCycleCounterThershold="255" StorageConditionRef="0" EventKind="0" DTCTableRef="0" DemCallbackInitMForE="((void *) 0)" DebounceTableRef="255" AgingOpCycleRef="4" AgingAllowed="0"/>
            <DTCConfig: AttrbsRef="1" ImmediateNvStorageAllowed="1" Value="0" AgingThershold="40" Id="1" OpCycleRef="2" EnableConditionRef="0" AvailableStatus="1" FailureCycleCounterThershold="255" StorageConditionRef="0" EventKind="0" DTCTableRef="1" DemCallbackInitMForE="((void *) 0)" DebounceTableRef="255" AgingOpCycleRef="0" AgingAllowed="1"/>
            <DTCConfig: AttrbsRef="2" ImmediateNvStorageAllowed="1" Value="0" AgingThershold="40" Id="2" OpCycleRef="2" EnableConditionRef="0" AvailableStatus="1" FailureCycleCounterThershold="255" StorageConditionRef="0" EventKind="1" DTCTableRef="2" DemCallbackInitMForE="((void *) 0)" DebounceTableRef="255" AgingOpCycleRef="0" AgingAllowed="1"/>
            <DTCConfig: AttrbsRef="3" ImmediateNvStorageAllowed="1" Value="c14087" AgingThershold="40" Id="3" OpCycleRef="3" EnableConditionRef="0" AvailableStatus="1" FailureCycleCounterThershold="255" StorageConditionRef="0" EventKind="0" DTCTableRef="3" DemCallbackInitMForE="((void *) 0)" DebounceTableRef="1" AgingOpCycleRef="0" AgingAllowed="1"/>
            <DTCConfig: AttrbsRef="4" ImmediateNvStorageAllowed="1" Value="d10017" AgingThershold="40" Id="4" OpCycleRef="3" EnableConditionRef="0" AvailableStatus="1" FailureCycleCounterThershold="255" StorageConditionRef="0" EventKind="0" DTCTableRef="4" DemCallbackInitMForE="((void *) 0)" DebounceTableRef="0" AgingOpCycleRef="3" AgingAllowed="1"/>
            <DTCConfig: AttrbsRef="5" ImmediateNvStorageAllowed="1" Value="d10116" AgingThershold="40" Id="5" OpCycleRef="3" EnableConditionRef="0" AvailableStatus="1" FailureCycleCounterThershold="255" StorageConditionRef="0" EventKind="0" DTCTableRef="5" DemCallbackInitMForE="((void *) 0)" DebounceTableRef="0" AgingOpCycleRef="3" AgingAllowed="1"/>
            <DTCConfig: AttrbsRef="6" ImmediateNvStorageAllowed="1" Value="c07388" AgingThershold="40" Id="6" OpCycleRef="3" EnableConditionRef="0" AvailableStatus="1" FailureCycleCounterThershold="255" StorageConditionRef="0" EventKind="0" DTCTableRef="6" DemCallbackInitMForE="((void *) 0)" DebounceTableRef="0" AgingOpCycleRef="3" AgingAllowed="1"/>
            <DTCConfig: AttrbsRef="7" ImmediateNvStorageAllowed="1" Value="900a98" AgingThershold="40" Id="7" OpCycleRef="3" EnableConditionRef="0" AvailableStatus="1" FailureCycleCounterThershold="255" StorageConditionRef="0" EventKind="0" DTCTableRef="7" DemCallbackInitMForE="((void *) 0)" DebounceTableRef="0" AgingOpCycleRef="3" AgingAllowed="1"/>
            <DTCConfig: AttrbsRef="8" ImmediateNvStorageAllowed="1" Value="900a81" AgingThershold="40" Id="8" OpCycleRef="3" EnableConditionRef="0" AvailableStatus="1" FailureCycleCounterThershold="255" StorageConditionRef="0" EventKind="0" DTCTableRef="8" DemCallbackInitMForE="((void *) 0)" DebounceTableRef="0" AgingOpCycleRef="3" AgingAllowed="1"/>
            <DTCConfig: AttrbsRef="9" ImmediateNvStorageAllowed="1" Value="900a96" AgingThershold="40" Id="9" OpCycleRef="3" EnableConditionRef="0" AvailableStatus="1" FailureCycleCounterThershold="255" StorageConditionRef="0" EventKind="0" DTCTableRef="9" DemCallbackInitMForE="((void *) 0)" DebounceTableRef="0" AgingOpCycleRef="3" AgingAllowed="1"/>
        </DTCConfig>
    </DemConfig>
    <NVMConfig>
        <NVMBlockConfig>
            <NVMBlockConfig: NvBlockLength="0" Str_RomBlockDataAddress="NULL" Str_BlockName="NvMConf___MultiBlockRequest" BlockCrcType="2" RomBlockNum="0" BlockUseSetRamBlockStatus="0" Str_RomBlockDefaultData="0" NvRamDeviceId="0" NvRamBlockIdentifier="0" BlockUseCrc="0" BlockManagementType="0" NvBlockBaseNumber="0" CalcRamBlockCrc="0" WriteBlockOnce="0" Str_RamBlockDataAddress="NULL" SelectBlockForReadAll="1" BswMBlockStatusInformation="0" BlockJobPriority="1" BlockWriteProt="0" SelectBlockForWriteAll="1" Str_JobFinishedFunction="NULL" Str_InitFun="NULL" NvBlockNum="0" MaxNumReadRetries="0" MaxNumWriteRetries="0"/>
            <NVMBlockConfig: NvBlockLength="32" Str_RomBlockDataAddress="NULL" Str_BlockName="NvMConf_NvMBlockDescriptor_NvMConfigBlock" BlockCrcType="2" RomBlockNum="0" BlockUseSetRamBlockStatus="0" Str_RomBlockDefaultData="0" NvRamDeviceId="0" NvRamBlockIdentifier="0" BlockUseCrc="0" BlockManagementType="0" NvBlockBaseNumber="0" CalcRamBlockCrc="0" WriteBlockOnce="0" Str_RamBlockDataAddress="NvMConfigBlock_RamBlock_au8" SelectBlockForReadAll="1" BswMBlockStatusInformation="0" BlockJobPriority="1" BlockWriteProt="0" SelectBlockForWriteAll="1" Str_JobFinishedFunction="NULL" Str_InitFun="NULL" NvBlockNum="0" MaxNumReadRetries="0" MaxNumWriteRetries="0"/>
            <NVMBlockConfig: NvBlockLength="9" Str_RomBlockDataAddress="Dem_Cfg_DefaultData_OpCycle" Str_BlockName="NvMConf_NvMBlockDescriptor_OpCycle" BlockCrcType="2" RomBlockNum="0" BlockUseSetRamBlockStatus="0" Str_RomBlockDefaultData="0" NvRamDeviceId="0" NvRamBlockIdentifier="0" BlockUseCrc="0" BlockManagementType="0" NvBlockBaseNumber="2" CalcRamBlockCrc="0" WriteBlockOnce="0" Str_RamBlockDataAddress="NvmRamData_OpCycle" SelectBlockForReadAll="1" BswMBlockStatusInformation="0" BlockJobPriority="1" BlockWriteProt="0" SelectBlockForWriteAll="1" Str_JobFinishedFunction="Dem_NvM_JobFinished" Str_InitFun="NULL" NvBlockNum="0" MaxNumReadRetries="0" MaxNumWriteRetries="0"/>
            <NVMBlockConfig: NvBlockLength="20" Str_RomBlockDataAddress="Dem_Cfg_DefaultData_AdminData" Str_BlockName="NvMConf_NvMBlockDescriptor_DemAdmin" BlockCrcType="2" RomBlockNum="0" BlockUseSetRamBlockStatus="0" Str_RomBlockDefaultData="0" NvRamDeviceId="0" NvRamBlockIdentifier="0" BlockUseCrc="0" BlockManagementType="0" NvBlockBaseNumber="3" CalcRamBlockCrc="0" WriteBlockOnce="0" Str_RamBlockDataAddress="Dem_Cfg_AdminData" SelectBlockForReadAll="1" BswMBlockStatusInformation="0" BlockJobPriority="1" BlockWriteProt="0" SelectBlockForWriteAll="1" Str_JobFinishedFunction="Dem_NvM_JobFinished" Str_InitFun="NULL" NvBlockNum="0" MaxNumReadRetries="0" MaxNumWriteRetries="0"/>
            <NVMBlockConfig: NvBlockLength="9" Str_RomBlockDataAddress="Dem_Cfg_DefaultData_StatusData" Str_BlockName="NvMConf_NvMBlockDescriptor_DemStatus" BlockCrcType="2" RomBlockNum="0" BlockUseSetRamBlockStatus="0" Str_RomBlockDefaultData="0" NvRamDeviceId="0" NvRamBlockIdentifier="0" BlockUseCrc="0" BlockManagementType="0" NvBlockBaseNumber="4" CalcRamBlockCrc="0" WriteBlockOnce="0" Str_RamBlockDataAddress="Dem_Cfg_StatusData" SelectBlockForReadAll="1" BswMBlockStatusInformation="0" BlockJobPriority="1" BlockWriteProt="0" SelectBlockForWriteAll="1" Str_JobFinishedFunction="Dem_NvM_JobFinished" Str_InitFun="NULL" NvBlockNum="0" MaxNumReadRetries="0" MaxNumWriteRetries="0"/>
            <NVMBlockConfig: NvBlockLength="17" Str_RomBlockDataAddress="NvmRomData_VIN" Str_BlockName="NvMConf_NvMBlockDescriptor_VIN" BlockCrcType="2" RomBlockNum="0" BlockUseSetRamBlockStatus="0" Str_RomBlockDefaultData="0x4C, 0x58, 0x57, 0x59, 0x45, 0x50, 0x47, 0x32, 0x38, 0x4A, 0x48, 0x30, 0x30, 0x31, 0x37, 0x35, 0x32" NvRamDeviceId="0" NvRamBlockIdentifier="0" BlockUseCrc="0" BlockManagementType="0" NvBlockBaseNumber="5" CalcRamBlockCrc="0" WriteBlockOnce="0" Str_RamBlockDataAddress="NvmRamData_VIN" SelectBlockForReadAll="1" BswMBlockStatusInformation="0" BlockJobPriority="1" BlockWriteProt="0" SelectBlockForWriteAll="1" Str_JobFinishedFunction="Rte_Call_VIN_JobFinished" Str_InitFun="NULL" NvBlockNum="0" MaxNumReadRetries="0" MaxNumWriteRetries="0"/>
            <NVMBlockConfig: NvBlockLength="200" Str_RomBlockDataAddress="NvmRomData_EcuConfig" Str_BlockName="NvMConf_NvMBlockDescriptor_EcuConfig" BlockCrcType="2" RomBlockNum="0" BlockUseSetRamBlockStatus="0" Str_RomBlockDefaultData="0xFF, 0xFF, 0xFF, 0xFF, 0xFF, 0xFF, 0xFF, 0xFF, 0xFF, 0xFF, 0xFF, 0xFF, 0xFF, 0xFF, 0xFF, 0xFF, 0xFF, 0xFF, 0xFF, 0xFF,0xFF, 0xFF, 0xFF, 0xFF, 0xFF, 0xFF, 0xFF, 0xFF, 0xFF, 0xFF, 0xFF, 0xFF, 0xFF, 0xFF, 0xFF, 0xFF, 0xFF, 0xFF, 0xFF, 0xFF,0xFF, 0xFF, 0xFF, 0xFF, 0xFF, 0xFF, 0xFF, 0xFF, 0xFF, 0xFF, 0xFF, 0xFF, 0xFF, 0xFF, 0xFF, 0xFF, 0xFF, 0xFF, 0xFF, 0xFF,0xFF, 0xFF, 0xFF, 0xFF, 0xFF, 0xFF, 0xFF, 0xFF, 0xFF, 0xFF, 0xFF, 0xFF, 0xFF, 0xFF, 0xFF, 0xFF, 0xFF, 0xFF, 0xFF, 0xFF,0xFF, 0xFF, 0xFF, 0xFF, 0xFF, 0xFF, 0xFF, 0xFF, 0xFF, 0xFF, 0xFF, 0xFF, 0xFF, 0xFF, 0xFF, 0xFF, 0xFF, 0xFF, 0xFF, 0xFF,0xFF, 0xFF, 0xFF, 0xFF, 0xFF, 0xFF, 0xFF, 0xFF, 0xFF, 0xFF, 0xFF, 0xFF, 0xFF, 0xFF, 0xFF, 0xFF, 0xFF, 0xFF, 0xFF, 0xFF,0xFF, 0xFF, 0xFF, 0xFF, 0xFF, 0xFF, 0xFF, 0xFF, 0xFF, 0xFF, 0xFF, 0xFF, 0xFF, 0xFF, 0xFF, 0xFF, 0xFF, 0xFF, 0xFF, 0xFF,0xFF, 0xFF, 0xFF, 0xFF, 0xFF, 0xFF, 0xFF, 0xFF, 0xFF, 0xFF, 0xFF, 0xFF, 0xFF, 0xFF, 0xFF, 0xFF, 0xFF, 0xFF, 0xFF, 0xFF,0xFF, 0xFF, 0xFF, 0xFF, 0xFF, 0xFF, 0xFF, 0xFF, 0xFF, 0xFF, 0xFF, 0xFF, 0xFF, 0xFF, 0xFF, 0xFF, 0xFF, 0xFF, 0xFF, 0xFF,0xFF, 0xFF, 0xFF, 0xFF, 0xFF, 0xFF, 0xFF, 0xFF, 0xFF, 0xFF, 0xFF, 0xFF, 0xFF, 0xFF, 0xFF, 0xFF, 0xFF, 0xFF, 0xFF, 0xFF" NvRamDeviceId="0" NvRamBlockIdentifier="0" BlockUseCrc="0" BlockManagementType="0" NvBlockBaseNumber="6" CalcRamBlockCrc="0" WriteBlockOnce="0" Str_RamBlockDataAddress="NvmRamData_EcuConfig" SelectBlockForReadAll="1" BswMBlockStatusInformation="0" BlockJobPriority="1" BlockWriteProt="0" SelectBlockForWriteAll="1" Str_JobFinishedFunction="Rte_Call_EcuConfig_JobFinished" Str_InitFun="NULL" NvBlockNum="0" MaxNumReadRetries="0" MaxNumWriteRetries="0"/>
            <NVMBlockConfig: NvBlockLength="8" Str_RomBlockDataAddress="NvmRomData_EIDC" Str_BlockName="NvMConf_NvMBlockDescriptor_EIDC" BlockCrcType="2" RomBlockNum="0" BlockUseSetRamBlockStatus="0" Str_RomBlockDefaultData="0,1,0,2,0,0,0,0" NvRamDeviceId="0" NvRamBlockIdentifier="0" BlockUseCrc="0" BlockManagementType="0" NvBlockBaseNumber="7" CalcRamBlockCrc="0" WriteBlockOnce="0" Str_RamBlockDataAddress="NvmRamData_EIDC" SelectBlockForReadAll="1" BswMBlockStatusInformation="0" BlockJobPriority="1" BlockWriteProt="0" SelectBlockForWriteAll="1" Str_JobFinishedFunction="Rte_Call_EIDC_JobFinished" Str_InitFun="NULL" NvBlockNum="0" MaxNumReadRetries="0" MaxNumWriteRetries="0"/>
            <NVMBlockConfig: NvBlockLength="24" Str_RomBlockDataAddress="Dem_MemoryEntryInit" Str_BlockName="NvMConf_NvMBlockDescriptor_DemPrimary_0" BlockCrcType="2" RomBlockNum="0" BlockUseSetRamBlockStatus="0" Str_RomBlockDefaultData="0" NvRamDeviceId="0" NvRamBlockIdentifier="0" BlockUseCrc="0" BlockManagementType="0" NvBlockBaseNumber="8" CalcRamBlockCrc="0" WriteBlockOnce="0" Str_RamBlockDataAddress="Dem_PrimaryEntry_000" SelectBlockForReadAll="1" BswMBlockStatusInformation="0" BlockJobPriority="1" BlockWriteProt="0" SelectBlockForWriteAll="1" Str_JobFinishedFunction="Dem_NvM_JobFinished" Str_InitFun="NULL" NvBlockNum="0" MaxNumReadRetries="0" MaxNumWriteRetries="0"/>
            <NVMBlockConfig: NvBlockLength="24" Str_RomBlockDataAddress="Dem_MemoryEntryInit" Str_BlockName="NvMConf_NvMBlockDescriptor_DemPrimary_1" BlockCrcType="2" RomBlockNum="0" BlockUseSetRamBlockStatus="0" Str_RomBlockDefaultData="0" NvRamDeviceId="0" NvRamBlockIdentifier="0" BlockUseCrc="0" BlockManagementType="0" NvBlockBaseNumber="9" CalcRamBlockCrc="0" WriteBlockOnce="0" Str_RamBlockDataAddress="Dem_PrimaryEntry_001" SelectBlockForReadAll="1" BswMBlockStatusInformation="0" BlockJobPriority="1" BlockWriteProt="0" SelectBlockForWriteAll="1" Str_JobFinishedFunction="Dem_NvM_JobFinished" Str_InitFun="NULL" NvBlockNum="0" MaxNumReadRetries="0" MaxNumWriteRetries="0"/>
            <NVMBlockConfig: NvBlockLength="24" Str_RomBlockDataAddress="Dem_MemoryEntryInit" Str_BlockName="NvMConf_NvMBlockDescriptor_DemPrimary_2" BlockCrcType="2" RomBlockNum="0" BlockUseSetRamBlockStatus="0" Str_RomBlockDefaultData="0" NvRamDeviceId="0" NvRamBlockIdentifier="0" BlockUseCrc="0" BlockManagementType="0" NvBlockBaseNumber="10" CalcRamBlockCrc="0" WriteBlockOnce="0" Str_RamBlockDataAddress="Dem_PrimaryEntry_002" SelectBlockForReadAll="1" BswMBlockStatusInformation="0" BlockJobPriority="1" BlockWriteProt="0" SelectBlockForWriteAll="1" Str_JobFinishedFunction="Dem_NvM_JobFinished" Str_InitFun="NULL" NvBlockNum="0" MaxNumReadRetries="0" MaxNumWriteRetries="0"/>
            <NVMBlockConfig: NvBlockLength="24" Str_RomBlockDataAddress="Dem_MemoryEntryInit" Str_BlockName="NvMConf_NvMBlockDescriptor_DemPrimary_3" BlockCrcType="2" RomBlockNum="0" BlockUseSetRamBlockStatus="0" Str_RomBlockDefaultData="0" NvRamDeviceId="0" NvRamBlockIdentifier="0" BlockUseCrc="0" BlockManagementType="0" NvBlockBaseNumber="11" CalcRamBlockCrc="0" WriteBlockOnce="0" Str_RamBlockDataAddress="Dem_PrimaryEntry_003" SelectBlockForReadAll="1" BswMBlockStatusInformation="0" BlockJobPriority="1" BlockWriteProt="0" SelectBlockForWriteAll="1" Str_JobFinishedFunction="Dem_NvM_JobFinished" Str_InitFun="NULL" NvBlockNum="0" MaxNumReadRetries="0" MaxNumWriteRetries="0"/>
            <NVMBlockConfig: NvBlockLength="24" Str_RomBlockDataAddress="Dem_MemoryEntryInit" Str_BlockName="NvMConf_NvMBlockDescriptor_DemPrimary_4" BlockCrcType="2" RomBlockNum="0" BlockUseSetRamBlockStatus="0" Str_RomBlockDefaultData="0" NvRamDeviceId="0" NvRamBlockIdentifier="0" BlockUseCrc="0" BlockManagementType="0" NvBlockBaseNumber="12" CalcRamBlockCrc="0" WriteBlockOnce="0" Str_RamBlockDataAddress="Dem_PrimaryEntry_004" SelectBlockForReadAll="1" BswMBlockStatusInformation="0" BlockJobPriority="1" BlockWriteProt="0" SelectBlockForWriteAll="1" Str_JobFinishedFunction="Dem_NvM_JobFinished" Str_InitFun="NULL" NvBlockNum="0" MaxNumReadRetries="0" MaxNumWriteRetries="0"/>
            <NVMBlockConfig: NvBlockLength="24" Str_RomBlockDataAddress="Dem_MemoryEntryInit" Str_BlockName="NvMConf_NvMBlockDescriptor_DemPrimary_5" BlockCrcType="2" RomBlockNum="0" BlockUseSetRamBlockStatus="0" Str_RomBlockDefaultData="0" NvRamDeviceId="0" NvRamBlockIdentifier="0" BlockUseCrc="0" BlockManagementType="0" NvBlockBaseNumber="13" CalcRamBlockCrc="0" WriteBlockOnce="0" Str_RamBlockDataAddress="Dem_PrimaryEntry_005" SelectBlockForReadAll="1" BswMBlockStatusInformation="0" BlockJobPriority="1" BlockWriteProt="0" SelectBlockForWriteAll="1" Str_JobFinishedFunction="Dem_NvM_JobFinished" Str_InitFun="NULL" NvBlockNum="0" MaxNumReadRetries="0" MaxNumWriteRetries="0"/>
            <NVMBlockConfig: NvBlockLength="24" Str_RomBlockDataAddress="Dem_MemoryEntryInit" Str_BlockName="NvMConf_NvMBlockDescriptor_DemPrimary_6" BlockCrcType="2" RomBlockNum="0" BlockUseSetRamBlockStatus="0" Str_RomBlockDefaultData="0" NvRamDeviceId="0" NvRamBlockIdentifier="0" BlockUseCrc="0" BlockManagementType="0" NvBlockBaseNumber="14" CalcRamBlockCrc="0" WriteBlockOnce="0" Str_RamBlockDataAddress="Dem_PrimaryEntry_006" SelectBlockForReadAll="1" BswMBlockStatusInformation="0" BlockJobPriority="1" BlockWriteProt="0" SelectBlockForWriteAll="1" Str_JobFinishedFunction="Dem_NvM_JobFinished" Str_InitFun="NULL" NvBlockNum="0" MaxNumReadRetries="0" MaxNumWriteRetries="0"/>
        </NVMBlockConfig>
        <FEEBlockConfig>
            <FEEBlockConfig: FEE_NUM_PARTITIONS="1"/>
            <FEEBlockConfig: FEE_MAX_LENGTH="216"/>
            <FEEBlockConfig: FEE_SECTOR_SIZE="2048"/>
            <FEEBlockConfig: FEE_SECTOR_HEADER_SIZE="8"/>
            <FEEBlockConfig: FEE_SECTOR_FOOTER_SIZE="8"/>
            <FEEBlockConfig: FEE_HEADER_SIZE="8"/>
        </FEEBlockConfig>
    </NVMConfig>
</DiagConfigs>
