<DiagConfigs>
    <DcmConfig>
        <DcmGeneralConfig>
            <DcmGeneralConfig: DcmTesterResponseAddr="1"/>
            <DcmGeneralConfig: DcmTesterSourcePhyAddr="1"/>
            <DcmGeneralConfig: DcmTesterSourceFuncAddr="0"/>
            <DcmGeneralConfig: DcmDslBufferSize="4095"/>
        </DcmGeneralConfig>
        <DidConfig>
            <DidConfig: DataLen="a" Did="a1a1" Operation="3"/>
            <DidConfig: DataLen="11" Did="f190" Operation="3"/>
            <DidConfig: DataLen="f" Did="f193" Operation="1"/>
            <DidConfig: DataLen="4" Did="f195" Operation="1"/>
            <DidConfig: DataLen="c8" Did="f1b1" Operation="3"/>
            <DidConfig: DataLen="d" Did="f187" Operation="1"/>
            <DidConfig: DataLen="8" Did="f18a" Operation="1"/>
            <DidConfig: DataLen="14" Did="f18c" Operation="1"/>
            <DidConfig: DataLen="13" Did="f1a2" Operation="1"/>
            <DidConfig: DataLen="4" Did="f1b5" Operation="1"/>
            <DidConfig: DataLen="f" Did="f189" Operation="1"/>
            <DidConfig: DataLen="f" Did="f1c0" Operation="1"/>
            <DidConfig: DataLen="f" Did="f1c1" Operation="1"/>
        </DidConfig>
        <RidConfig>
            <RidConfig: RoutineType="6" Rid="202" Operation="f" RoutineControlOptionRecord="0"/>
            <RidConfig: RoutineType="6" Rid="203" Operation="f" RoutineControlOptionRecord="0"/>
            <RidConfig: RoutineType="6" Rid="ff01" Operation="f" RoutineControlOptionRecord="0"/>
            <RidConfig: RoutineType="6" Rid="f103" Operation="f" RoutineControlOptionRecord="0"/>
            <RidConfig: RoutineType="6" Rid="f104" Operation="f" RoutineControlOptionRecord="0"/>
            <RidConfig: RoutineType="6" Rid="f11e" Operation="f" RoutineControlOptionRecord="1"/>
        </RidConfig>
    </DcmConfig>
    <DemConfig>
        <OpCycleConfig>
            <OpCycleConfig: AutoStart="0" Id="0" Type="0" AutoStop="0"/>
            <OpCycleConfig: AutoStart="0" Id="1" Type="0" AutoStop="0"/>
            <OpCycleConfig: AutoStart="0" Id="2" Type="0" AutoStop="0"/>
            <OpCycleConfig: AutoStart="1" Id="3" Type="0" AutoStop="1"/>
        </OpCycleConfig>
        <DebounceConfig>
            <DebounceConfig: AlgoClass="1" IncStepSize="0" FailedThershold="0" DecStepSize="0" PassedTimeThershold="100" JumpDown="0" PassedThershold="0" FailedTimeThershold="100" JumpUpValue="0" behavior="1" JumpDownValue="0" JumpUp="0"/>
            <DebounceConfig: AlgoClass="0" IncStepSize="1" FailedThershold="127" DecStepSize="-1" PassedTimeThershold="0" JumpDown="0" PassedThershold="-128" FailedTimeThershold="0" JumpUpValue="0" behavior="1" JumpDownValue="0" JumpUp="0"/>
            <DebounceConfig: AlgoClass="3" IncStepSize="0" FailedThershold="0" DecStepSize="0" PassedTimeThershold="0" JumpDown="0" PassedThershold="0" FailedTimeThershold="0" JumpUpValue="0" behavior="1" JumpDownValue="0" JumpUp="0"/>
        </DebounceConfig>
        <DTCConfig>
            <DTCConfig: AgingThershold="255" EnableConditionRef="0" AgingAllowed="0" AgingOpCycleRef="4" FailureCycleCounterThershold="255" Value="ffffff" DebounceTableRef="255" StorageConditionRef="0" EventKind="0" ImmediateNvStorageAllowed="0" Id="0" AvailableStatus="0" AttrbsRef="0" DemCallbackInitMForE="((void *) 0)" OpCycleRef="4" DTCTableRef="0"/>
            <DTCConfig: AgingThershold="40" EnableConditionRef="0" AgingAllowed="1" AgingOpCycleRef="0" FailureCycleCounterThershold="255" Value="0" DebounceTableRef="255" StorageConditionRef="0" EventKind="0" ImmediateNvStorageAllowed="1" Id="1" AvailableStatus="1" AttrbsRef="1" DemCallbackInitMForE="((void *) 0)" OpCycleRef="2" DTCTableRef="1"/>
            <DTCConfig: AgingThershold="40" EnableConditionRef="0" AgingAllowed="1" AgingOpCycleRef="0" FailureCycleCounterThershold="255" Value="0" DebounceTableRef="255" StorageConditionRef="0" EventKind="1" ImmediateNvStorageAllowed="1" Id="2" AvailableStatus="1" AttrbsRef="2" DemCallbackInitMForE="((void *) 0)" OpCycleRef="2" DTCTableRef="2"/>
            <DTCConfig: AgingThershold="40" EnableConditionRef="0" AgingAllowed="1" AgingOpCycleRef="0" FailureCycleCounterThershold="255" Value="c14087" DebounceTableRef="1" StorageConditionRef="0" EventKind="0" ImmediateNvStorageAllowed="1" Id="3" AvailableStatus="1" AttrbsRef="3" DemCallbackInitMForE="((void *) 0)" OpCycleRef="3" DTCTableRef="3"/>
            <DTCConfig: AgingThershold="40" EnableConditionRef="0" AgingAllowed="1" AgingOpCycleRef="3" FailureCycleCounterThershold="255" Value="d10017" DebounceTableRef="0" StorageConditionRef="0" EventKind="0" ImmediateNvStorageAllowed="1" Id="4" AvailableStatus="1" AttrbsRef="4" DemCallbackInitMForE="((void *) 0)" OpCycleRef="3" DTCTableRef="4"/>
            <DTCConfig: AgingThershold="40" EnableConditionRef="0" AgingAllowed="1" AgingOpCycleRef="3" FailureCycleCounterThershold="255" Value="d10116" DebounceTableRef="0" StorageConditionRef="0" EventKind="0" ImmediateNvStorageAllowed="1" Id="5" AvailableStatus="1" AttrbsRef="5" DemCallbackInitMForE="((void *) 0)" OpCycleRef="3" DTCTableRef="5"/>
            <DTCConfig: AgingThershold="40" EnableConditionRef="0" AgingAllowed="1" AgingOpCycleRef="3" FailureCycleCounterThershold="255" Value="c07388" DebounceTableRef="0" StorageConditionRef="0" EventKind="0" ImmediateNvStorageAllowed="1" Id="6" AvailableStatus="1" AttrbsRef="6" DemCallbackInitMForE="((void *) 0)" OpCycleRef="3" DTCTableRef="6"/>
            <DTCConfig: AgingThershold="40" EnableConditionRef="0" AgingAllowed="1" AgingOpCycleRef="3" FailureCycleCounterThershold="255" Value="900a98" DebounceTableRef="0" StorageConditionRef="0" EventKind="0" ImmediateNvStorageAllowed="1" Id="7" AvailableStatus="1" AttrbsRef="7" DemCallbackInitMForE="((void *) 0)" OpCycleRef="3" DTCTableRef="7"/>
            <DTCConfig: AgingThershold="40" EnableConditionRef="0" AgingAllowed="1" AgingOpCycleRef="3" FailureCycleCounterThershold="255" Value="900a81" DebounceTableRef="0" StorageConditionRef="0" EventKind="0" ImmediateNvStorageAllowed="1" Id="8" AvailableStatus="1" AttrbsRef="8" DemCallbackInitMForE="((void *) 0)" OpCycleRef="3" DTCTableRef="8"/>
            <DTCConfig: AgingThershold="40" EnableConditionRef="0" AgingAllowed="1" AgingOpCycleRef="3" FailureCycleCounterThershold="255" Value="900a96" DebounceTableRef="0" StorageConditionRef="0" EventKind="0" ImmediateNvStorageAllowed="1" Id="9" AvailableStatus="1" AttrbsRef="9" DemCallbackInitMForE="((void *) 0)" OpCycleRef="3" DTCTableRef="9"/>
        </DTCConfig>
    </DemConfig>
    <NVMConfig>
        <NVMBlockConfig>
            <NVMBlockConfig: MaxNumReadRetries="0" BlockUseCrc="0" BlockCrcType="2" SelectBlockForWriteAll="1" Str_JobFinishedFunction="NULL" BlockWriteProt="0" NvBlockLength="0" BlockManagementType="0" Str_RomBlockDataAddress="NULL" NvBlockNum="0" NvRamDeviceId="0" Str_BlockName="NvMConf___MultiBlockRequest" CalcRamBlockCrc="0" BswMBlockStatusInformation="0" BlockUseSetRamBlockStatus="0" NvBlockBaseNumber="0" BlockJobPriority="1" WriteBlockOnce="0" Str_RamBlockDataAddress="NULL" MaxNumWriteRetries="0" Str_InitFun="NULL" NvRamBlockIdentifier="0" SelectBlockForReadAll="1" Str_RomBlockDefaultData="0" RomBlockNum="0"/>
            <NVMBlockConfig: MaxNumReadRetries="0" BlockUseCrc="0" BlockCrcType="2" SelectBlockForWriteAll="1" Str_JobFinishedFunction="NULL" BlockWriteProt="0" NvBlockLength="32" BlockManagementType="0" Str_RomBlockDataAddress="NULL" NvBlockNum="0" NvRamDeviceId="0" Str_BlockName="NvMConf_NvMBlockDescriptor_NvMConfigBlock" CalcRamBlockCrc="0" BswMBlockStatusInformation="0" BlockUseSetRamBlockStatus="0" NvBlockBaseNumber="0" BlockJobPriority="1" WriteBlockOnce="0" Str_RamBlockDataAddress="NvMConfigBlock_RamBlock_au8" MaxNumWriteRetries="0" Str_InitFun="NULL" NvRamBlockIdentifier="0" SelectBlockForReadAll="1" Str_RomBlockDefaultData="0" RomBlockNum="0"/>
            <NVMBlockConfig: MaxNumReadRetries="0" BlockUseCrc="0" BlockCrcType="2" SelectBlockForWriteAll="1" Str_JobFinishedFunction="Dem_NvM_JobFinished" BlockWriteProt="0" NvBlockLength="9" BlockManagementType="0" Str_RomBlockDataAddress="DemCfg_OpCycle_Default" NvBlockNum="0" NvRamDeviceId="0" Str_BlockName="DemCfg_NvMBlockDescriptor_OpCycle" CalcRamBlockCrc="0" BswMBlockStatusInformation="0" BlockUseSetRamBlockStatus="0" NvBlockBaseNumber="2" BlockJobPriority="1" WriteBlockOnce="0" Str_RamBlockDataAddress="Dem_Cfg_OpCycle" MaxNumWriteRetries="0" Str_InitFun="NULL" NvRamBlockIdentifier="0" SelectBlockForReadAll="1" Str_RomBlockDefaultData="0" RomBlockNum="0"/>
            <NVMBlockConfig: MaxNumReadRetries="0" BlockUseCrc="0" BlockCrcType="2" SelectBlockForWriteAll="1" Str_JobFinishedFunction="Dem_NvM_JobFinished" BlockWriteProt="0" NvBlockLength="20" BlockManagementType="0" Str_RomBlockDataAddress="DemCfg_AdminData_Default" NvBlockNum="0" NvRamDeviceId="0" Str_BlockName="DemCfg_NvMBlockDescriptor_DemAdmin" CalcRamBlockCrc="0" BswMBlockStatusInformation="0" BlockUseSetRamBlockStatus="0" NvBlockBaseNumber="3" BlockJobPriority="1" WriteBlockOnce="0" Str_RamBlockDataAddress="Dem_Cfg_AdminData" MaxNumWriteRetries="0" Str_InitFun="NULL" NvRamBlockIdentifier="0" SelectBlockForReadAll="1" Str_RomBlockDefaultData="0" RomBlockNum="0"/>
            <NVMBlockConfig: MaxNumReadRetries="0" BlockUseCrc="0" BlockCrcType="2" SelectBlockForWriteAll="1" Str_JobFinishedFunction="Dem_NvM_JobFinished" BlockWriteProt="0" NvBlockLength="9" BlockManagementType="0" Str_RomBlockDataAddress="DemCfg_StatusData_Default" NvBlockNum="0" NvRamDeviceId="0" Str_BlockName="DemCfg_NvMBlockDescriptor_DemStatus" CalcRamBlockCrc="0" BswMBlockStatusInformation="0" BlockUseSetRamBlockStatus="0" NvBlockBaseNumber="4" BlockJobPriority="1" WriteBlockOnce="0" Str_RamBlockDataAddress="Dem_Cfg_StatusData" MaxNumWriteRetries="0" Str_InitFun="NULL" NvRamBlockIdentifier="0" SelectBlockForReadAll="1" Str_RomBlockDefaultData="0" RomBlockNum="0"/>
            <NVMBlockConfig: MaxNumReadRetries="0" BlockUseCrc="0" BlockCrcType="2" SelectBlockForWriteAll="1" Str_JobFinishedFunction="Rte_Call_VIN_JobFinished" BlockWriteProt="0" NvBlockLength="17" BlockManagementType="0" Str_RomBlockDataAddress="NvmRomData_VIN" NvBlockNum="0" NvRamDeviceId="0" Str_BlockName="NvMConf_NvMBlockDescriptor_VIN" CalcRamBlockCrc="0" BswMBlockStatusInformation="0" BlockUseSetRamBlockStatus="0" NvBlockBaseNumber="5" BlockJobPriority="1" WriteBlockOnce="0" Str_RamBlockDataAddress="NvmRamData_VIN" MaxNumWriteRetries="0" Str_InitFun="NULL" NvRamBlockIdentifier="0" SelectBlockForReadAll="1" Str_RomBlockDefaultData="0x4C, 0x58, 0x57, 0x59, 0x45, 0x50, 0x47, 0x32, 0x38, 0x4A, 0x48, 0x30, 0x30, 0x31, 0x37, 0x35, 0x32" RomBlockNum="0"/>
            <NVMBlockConfig: MaxNumReadRetries="0" BlockUseCrc="0" BlockCrcType="2" SelectBlockForWriteAll="1" Str_JobFinishedFunction="Rte_Call_EcuConfig_JobFinished" BlockWriteProt="0" NvBlockLength="200" BlockManagementType="0" Str_RomBlockDataAddress="NvmRomData_EcuConfig" NvBlockNum="0" NvRamDeviceId="0" Str_BlockName="NvMConf_NvMBlockDescriptor_EcuConfig" CalcRamBlockCrc="0" BswMBlockStatusInformation="0" BlockUseSetRamBlockStatus="0" NvBlockBaseNumber="6" BlockJobPriority="1" WriteBlockOnce="0" Str_RamBlockDataAddress="NvmRamData_EcuConfig" MaxNumWriteRetries="0" Str_InitFun="NULL" NvRamBlockIdentifier="0" SelectBlockForReadAll="1" Str_RomBlockDefaultData="0xFF, 0xFF, 0xFF, 0xFF, 0xFF, 0xFF, 0xFF, 0xFF, 0xFF, 0xFF, 0xFF, 0xFF, 0xFF, 0xFF, 0xFF, 0xFF, 0xFF, 0xFF, 0xFF, 0xFF,0xFF, 0xFF, 0xFF, 0xFF, 0xFF, 0xFF, 0xFF, 0xFF, 0xFF, 0xFF, 0xFF, 0xFF, 0xFF, 0xFF, 0xFF, 0xFF, 0xFF, 0xFF, 0xFF, 0xFF,0xFF, 0xFF, 0xFF, 0xFF, 0xFF, 0xFF, 0xFF, 0xFF, 0xFF, 0xFF, 0xFF, 0xFF, 0xFF, 0xFF, 0xFF, 0xFF, 0xFF, 0xFF, 0xFF, 0xFF,0xFF, 0xFF, 0xFF, 0xFF, 0xFF, 0xFF, 0xFF, 0xFF, 0xFF, 0xFF, 0xFF, 0xFF, 0xFF, 0xFF, 0xFF, 0xFF, 0xFF, 0xFF, 0xFF, 0xFF,0xFF, 0xFF, 0xFF, 0xFF, 0xFF, 0xFF, 0xFF, 0xFF, 0xFF, 0xFF, 0xFF, 0xFF, 0xFF, 0xFF, 0xFF, 0xFF, 0xFF, 0xFF, 0xFF, 0xFF,0xFF, 0xFF, 0xFF, 0xFF, 0xFF, 0xFF, 0xFF, 0xFF, 0xFF, 0xFF, 0xFF, 0xFF, 0xFF, 0xFF, 0xFF, 0xFF, 0xFF, 0xFF, 0xFF, 0xFF,0xFF, 0xFF, 0xFF, 0xFF, 0xFF, 0xFF, 0xFF, 0xFF, 0xFF, 0xFF, 0xFF, 0xFF, 0xFF, 0xFF, 0xFF, 0xFF, 0xFF, 0xFF, 0xFF, 0xFF,0xFF, 0xFF, 0xFF, 0xFF, 0xFF, 0xFF, 0xFF, 0xFF, 0xFF, 0xFF, 0xFF, 0xFF, 0xFF, 0xFF, 0xFF, 0xFF, 0xFF, 0xFF, 0xFF, 0xFF,0xFF, 0xFF, 0xFF, 0xFF, 0xFF, 0xFF, 0xFF, 0xFF, 0xFF, 0xFF, 0xFF, 0xFF, 0xFF, 0xFF, 0xFF, 0xFF, 0xFF, 0xFF, 0xFF, 0xFF,0xFF, 0xFF, 0xFF, 0xFF, 0xFF, 0xFF, 0xFF, 0xFF, 0xFF, 0xFF, 0xFF, 0xFF, 0xFF, 0xFF, 0xFF, 0xFF, 0xFF, 0xFF, 0xFF, 0xFF" RomBlockNum="0"/>
            <NVMBlockConfig: MaxNumReadRetries="0" BlockUseCrc="0" BlockCrcType="2" SelectBlockForWriteAll="1" Str_JobFinishedFunction="Rte_Call_EIDCConfig_JobFinished" BlockWriteProt="0" NvBlockLength="8" BlockManagementType="0" Str_RomBlockDataAddress="NvmRomData_EIDCConfig" NvBlockNum="0" NvRamDeviceId="0" Str_BlockName="NvMConf_NvMBlockDescriptor_EIDCConfig" CalcRamBlockCrc="0" BswMBlockStatusInformation="0" BlockUseSetRamBlockStatus="0" NvBlockBaseNumber="7" BlockJobPriority="1" WriteBlockOnce="0" Str_RamBlockDataAddress="NvmRamData_EIDCConfig" MaxNumWriteRetries="0" Str_InitFun="NULL" NvRamBlockIdentifier="0" SelectBlockForReadAll="1" Str_RomBlockDefaultData="0,1,0,2,0,0,0,0" RomBlockNum="0"/>
            <NVMBlockConfig: MaxNumReadRetries="0" BlockUseCrc="0" BlockCrcType="2" SelectBlockForWriteAll="1" Str_JobFinishedFunction="Dem_NvM_JobFinished" BlockWriteProt="0" NvBlockLength="24" BlockManagementType="0" Str_RomBlockDataAddress="Dem_MemoryEntryInit" NvBlockNum="0" NvRamDeviceId="0" Str_BlockName="DemCfg_NvMBlockDescriptor_DemPrimary_000" CalcRamBlockCrc="0" BswMBlockStatusInformation="0" BlockUseSetRamBlockStatus="0" NvBlockBaseNumber="8" BlockJobPriority="1" WriteBlockOnce="0" Str_RamBlockDataAddress="Dem_PrimaryEntry_000" MaxNumWriteRetries="0" Str_InitFun="NULL" NvRamBlockIdentifier="0" SelectBlockForReadAll="1" Str_RomBlockDefaultData="0" RomBlockNum="0"/>
            <NVMBlockConfig: MaxNumReadRetries="0" BlockUseCrc="0" BlockCrcType="2" SelectBlockForWriteAll="1" Str_JobFinishedFunction="Dem_NvM_JobFinished" BlockWriteProt="0" NvBlockLength="24" BlockManagementType="0" Str_RomBlockDataAddress="Dem_MemoryEntryInit" NvBlockNum="0" NvRamDeviceId="0" Str_BlockName="DemCfg_NvMBlockDescriptor_DemPrimary_001" CalcRamBlockCrc="0" BswMBlockStatusInformation="0" BlockUseSetRamBlockStatus="0" NvBlockBaseNumber="9" BlockJobPriority="1" WriteBlockOnce="0" Str_RamBlockDataAddress="Dem_PrimaryEntry_001" MaxNumWriteRetries="0" Str_InitFun="NULL" NvRamBlockIdentifier="0" SelectBlockForReadAll="1" Str_RomBlockDefaultData="0" RomBlockNum="0"/>
            <NVMBlockConfig: MaxNumReadRetries="0" BlockUseCrc="0" BlockCrcType="2" SelectBlockForWriteAll="1" Str_JobFinishedFunction="Dem_NvM_JobFinished" BlockWriteProt="0" NvBlockLength="24" BlockManagementType="0" Str_RomBlockDataAddress="Dem_MemoryEntryInit" NvBlockNum="0" NvRamDeviceId="0" Str_BlockName="DemCfg_NvMBlockDescriptor_DemPrimary_002" CalcRamBlockCrc="0" BswMBlockStatusInformation="0" BlockUseSetRamBlockStatus="0" NvBlockBaseNumber="10" BlockJobPriority="1" WriteBlockOnce="0" Str_RamBlockDataAddress="Dem_PrimaryEntry_002" MaxNumWriteRetries="0" Str_InitFun="NULL" NvRamBlockIdentifier="0" SelectBlockForReadAll="1" Str_RomBlockDefaultData="0" RomBlockNum="0"/>
            <NVMBlockConfig: MaxNumReadRetries="0" BlockUseCrc="0" BlockCrcType="2" SelectBlockForWriteAll="1" Str_JobFinishedFunction="Dem_NvM_JobFinished" BlockWriteProt="0" NvBlockLength="24" BlockManagementType="0" Str_RomBlockDataAddress="Dem_MemoryEntryInit" NvBlockNum="0" NvRamDeviceId="0" Str_BlockName="DemCfg_NvMBlockDescriptor_DemPrimary_003" CalcRamBlockCrc="0" BswMBlockStatusInformation="0" BlockUseSetRamBlockStatus="0" NvBlockBaseNumber="11" BlockJobPriority="1" WriteBlockOnce="0" Str_RamBlockDataAddress="Dem_PrimaryEntry_003" MaxNumWriteRetries="0" Str_InitFun="NULL" NvRamBlockIdentifier="0" SelectBlockForReadAll="1" Str_RomBlockDefaultData="0" RomBlockNum="0"/>
            <NVMBlockConfig: MaxNumReadRetries="0" BlockUseCrc="0" BlockCrcType="2" SelectBlockForWriteAll="1" Str_JobFinishedFunction="Dem_NvM_JobFinished" BlockWriteProt="0" NvBlockLength="24" BlockManagementType="0" Str_RomBlockDataAddress="Dem_MemoryEntryInit" NvBlockNum="0" NvRamDeviceId="0" Str_BlockName="DemCfg_NvMBlockDescriptor_DemPrimary_004" CalcRamBlockCrc="0" BswMBlockStatusInformation="0" BlockUseSetRamBlockStatus="0" NvBlockBaseNumber="12" BlockJobPriority="1" WriteBlockOnce="0" Str_RamBlockDataAddress="Dem_PrimaryEntry_004" MaxNumWriteRetries="0" Str_InitFun="NULL" NvRamBlockIdentifier="0" SelectBlockForReadAll="1" Str_RomBlockDefaultData="0" RomBlockNum="0"/>
            <NVMBlockConfig: MaxNumReadRetries="0" BlockUseCrc="0" BlockCrcType="2" SelectBlockForWriteAll="1" Str_JobFinishedFunction="Dem_NvM_JobFinished" BlockWriteProt="0" NvBlockLength="24" BlockManagementType="0" Str_RomBlockDataAddress="Dem_MemoryEntryInit" NvBlockNum="0" NvRamDeviceId="0" Str_BlockName="DemCfg_NvMBlockDescriptor_DemPrimary_005" CalcRamBlockCrc="0" BswMBlockStatusInformation="0" BlockUseSetRamBlockStatus="0" NvBlockBaseNumber="13" BlockJobPriority="1" WriteBlockOnce="0" Str_RamBlockDataAddress="Dem_PrimaryEntry_005" MaxNumWriteRetries="0" Str_InitFun="NULL" NvRamBlockIdentifier="0" SelectBlockForReadAll="1" Str_RomBlockDefaultData="0" RomBlockNum="0"/>
            <NVMBlockConfig: MaxNumReadRetries="0" BlockUseCrc="0" BlockCrcType="2" SelectBlockForWriteAll="1" Str_JobFinishedFunction="Dem_NvM_JobFinished" BlockWriteProt="0" NvBlockLength="24" BlockManagementType="0" Str_RomBlockDataAddress="Dem_MemoryEntryInit" NvBlockNum="0" NvRamDeviceId="0" Str_BlockName="DemCfg_NvMBlockDescriptor_DemPrimary_006" CalcRamBlockCrc="0" BswMBlockStatusInformation="0" BlockUseSetRamBlockStatus="0" NvBlockBaseNumber="14" BlockJobPriority="1" WriteBlockOnce="0" Str_RamBlockDataAddress="Dem_PrimaryEntry_006" MaxNumWriteRetries="0" Str_InitFun="NULL" NvRamBlockIdentifier="0" SelectBlockForReadAll="1" Str_RomBlockDefaultData="0" RomBlockNum="0"/>
        </NVMBlockConfig>
        <FEEBlockConfig>
            <FEEBlockConfig: FEE_NUM_PARTITIONS="1"/>
            <FEEBlockConfig: FEE_MAX_LENGTH="216"/>
            <FEEBlockConfig: FEE_SECTOR_SIZE="2048"/>
            <FEEBlockConfig: FEE_SECTOR_HEADER_SIZE="8"/>
            <FEEBlockConfig: FEE_SECTOR_FOOTER_SIZE="8"/>
            <FEEBlockConfig: FEE_HEADER_SIZE="8"/>
        </FEEBlockConfig>
    </NVMConfig>
</DiagConfigs>
