<DiagConfigs>
    <DcmConfig>
        <DcmGeneralConfig>
            <DcmGeneralConfig: DcmTesterResponseAddr="2"/>
            <DcmGeneralConfig: DcmTesterSourcePhyAddr="1"/>
            <DcmGeneralConfig: DcmTesterSourceFuncAddr="0"/>
            <DcmGeneralConfig: DcmDslBufferSize="4095"/>
        </DcmGeneralConfig>
        <DidConfig>
            <DidConfig: DataLen="2" Did="a1" Operation="1"/>
            <DidConfig: DataLen="4" Did="b1" Operation="2"/>
            <DidConfig: DataLen="6" Did="c1" Operation="4"/>
        </DidConfig>
        <RidConfig/>
    </DcmConfig>
    <DemConfig/>
</DiagConfigs>
