<DiagConfigs>
    <DcmConfig>
        <DcmGeneralConfig>
            <DcmGeneralConfig: DcmTesterResponseAddr="2"/>
            <DcmGeneralConfig: DcmTesterSourcePhyAddr="1"/>
            <DcmGeneralConfig: DcmTesterSourceFuncAddr="0"/>
            <DcmGeneralConfig: DcmDslBufferSize="4095"/>
        </DcmGeneralConfig>
        <DidConfig>
            <DidConfig: Did="a1a1" DataLen="a" Operation="3"/>
            <DidConfig: Did="f1b1" DataLen="1" Operation="4"/>
            <DidConfig: Did="f193" DataLen="4" Operation="1"/>
            <DidConfig: Did="f195" DataLen="4" Operation="1"/>
        </DidConfig>
        <RidConfig>
            <RidConfig: RoutineType="6" Operation="f" Rid="202" RoutineControlOptionRecord="0"/>
            <RidConfig: RoutineType="6" Operation="f" Rid="203" RoutineControlOptionRecord="0"/>
            <RidConfig: RoutineType="6" Operation="f" Rid="ff01" RoutineControlOptionRecord="0"/>
            <RidConfig: RoutineType="6" Operation="f" Rid="f103" RoutineControlOptionRecord="0"/>
            <RidConfig: RoutineType="6" Operation="f" Rid="f104" RoutineControlOptionRecord="0"/>
            <RidConfig: RoutineType="6" Operation="f" Rid="f11e" RoutineControlOptionRecord="1"/>
        </RidConfig>
    </DcmConfig>
    <DemConfig/>
</DiagConfigs>
