<DiagConfigs>
    <DcmConfig>
        <DcmGeneralConfig>
            <DcmGeneralConfig: DcmTesterResponseAddr="2"/>
            <DcmGeneralConfig: DcmTesterSourcePhyAddr="1"/>
            <DcmGeneralConfig: DcmTesterSourceFuncAddr="0"/>
            <DcmGeneralConfig: DcmDslBufferSize="4095"/>
        </DcmGeneralConfig>
        <DidConfig>
            <DidConfig: Operation="3" DataLen="a" Did="a1a1"/>
            <DidConfig: Operation="4" DataLen="1" Did="f1b1"/>
            <DidConfig: Operation="1" DataLen="4" Did="f193"/>
            <DidConfig: Operation="1" DataLen="4" Did="f195"/>
        </DidConfig>
        <RidConfig>
            <RidConfig: Operation="f" RoutineType="6" Rid="202" RoutineControlOptionRecord="0"/>
            <RidConfig: Operation="f" RoutineType="6" Rid="203" RoutineControlOptionRecord="0"/>
            <RidConfig: Operation="f" RoutineType="6" Rid="ff01" RoutineControlOptionRecord="0"/>
            <RidConfig: Operation="f" RoutineType="6" Rid="f103" RoutineControlOptionRecord="0"/>
            <RidConfig: Operation="f" RoutineType="6" Rid="f104" RoutineControlOptionRecord="0"/>
            <RidConfig: Operation="f" RoutineType="6" Rid="f11e" RoutineControlOptionRecord="1"/>
        </RidConfig>
    </DcmConfig>
    <DemConfig/>
</DiagConfigs>
