<DiagConfigs>
    <DcmConfig>
        <DcmGeneralConfig>
            <DcmGeneralConfig: DcmTesterResponseAddr="2"/>
            <DcmGeneralConfig: DcmTesterSourcePhyAddr="1"/>
            <DcmGeneralConfig: DcmTesterSourceFuncAddr="0"/>
            <DcmGeneralConfig: DcmDslBufferSize="4095"/>
        </DcmGeneralConfig>
        <DidConfig>
            <DidConfig: Operation="3" Did="a1a1" DataLen="a"/>
            <DidConfig: Operation="4" Did="f1b1" DataLen="1"/>
            <DidConfig: Operation="1" Did="f193" DataLen="4"/>
            <DidConfig: Operation="1" Did="f195" DataLen="4"/>
        </DidConfig>
        <RidConfig>
            <RidConfig: Rid="202" RoutineControlOptionRecord="0" Operation="f" RoutineType="6"/>
            <RidConfig: Rid="203" RoutineControlOptionRecord="0" Operation="f" RoutineType="6"/>
            <RidConfig: Rid="ff01" RoutineControlOptionRecord="0" Operation="f" RoutineType="6"/>
            <RidConfig: Rid="f103" RoutineControlOptionRecord="0" Operation="f" RoutineType="6"/>
            <RidConfig: Rid="f104" RoutineControlOptionRecord="0" Operation="f" RoutineType="6"/>
            <RidConfig: Rid="f11e" RoutineControlOptionRecord="1" Operation="f" RoutineType="6"/>
        </RidConfig>
    </DcmConfig>
    <DemConfig/>
</DiagConfigs>
