<DiagConfigs>
    <DcmConfig>
        <DcmGeneralConfig>
            <DcmGeneralConfig: DcmTesterResponseAddr="1"/>
            <DcmGeneralConfig: DcmTesterSourcePhyAddr="1"/>
            <DcmGeneralConfig: DcmTesterSourceFuncAddr="0"/>
            <DcmGeneralConfig: DcmDslBufferSize="4095"/>
        </DcmGeneralConfig>
        <DidConfig>
            <DidConfig: Operation="3" Did="a1a1" DataLen="a"/>
            <DidConfig: Operation="3" Did="f190" DataLen="11"/>
            <DidConfig: Operation="1" Did="f193" DataLen="f"/>
            <DidConfig: Operation="1" Did="f195" DataLen="4"/>
            <DidConfig: Operation="3" Did="f1b1" DataLen="c8"/>
            <DidConfig: Operation="1" Did="f187" DataLen="d"/>
            <DidConfig: Operation="1" Did="f18a" DataLen="8"/>
            <DidConfig: Operation="1" Did="f18c" DataLen="14"/>
            <DidConfig: Operation="1" Did="f1a2" DataLen="13"/>
            <DidConfig: Operation="1" Did="f1b5" DataLen="4"/>
            <DidConfig: Operation="1" Did="f189" DataLen="f"/>
            <DidConfig: Operation="1" Did="f1c0" DataLen="f"/>
            <DidConfig: Operation="1" Did="f1c1" DataLen="f"/>
        </DidConfig>
        <RidConfig>
            <RidConfig: RoutineControlOptionRecord="0" Rid="202" Operation="f" RoutineType="6"/>
            <RidConfig: RoutineControlOptionRecord="0" Rid="203" Operation="f" RoutineType="6"/>
            <RidConfig: RoutineControlOptionRecord="0" Rid="ff01" Operation="f" RoutineType="6"/>
            <RidConfig: RoutineControlOptionRecord="0" Rid="f103" Operation="f" RoutineType="6"/>
            <RidConfig: RoutineControlOptionRecord="0" Rid="f104" Operation="f" RoutineType="6"/>
            <RidConfig: RoutineControlOptionRecord="1" Rid="f11e" Operation="f" RoutineType="6"/>
        </RidConfig>
    </DcmConfig>
    <DemConfig>
        <OpCycleConfig>
            <OpCycleConfig: Type="0" AutoStart="0" Id="0" AutoStop="0"/>
            <OpCycleConfig: Type="0" AutoStart="0" Id="1" AutoStop="0"/>
            <OpCycleConfig: Type="0" AutoStart="0" Id="2" AutoStop="0"/>
            <OpCycleConfig: Type="0" AutoStart="1" Id="3" AutoStop="1"/>
        </OpCycleConfig>
        <DebounceConfig>
            <DebounceConfig: AlgoClass="1" PassedThershold="0" JumpUpValue="0" PassedTimeThershold="100" JumpUp="0" FailedThershold="0" behavior="1" JumpDown="0" FailedTimeThershold="100" JumpDownValue="0" DecStepSize="0" IncStepSize="0"/>
            <DebounceConfig: AlgoClass="0" PassedThershold="-128" JumpUpValue="0" PassedTimeThershold="0" JumpUp="0" FailedThershold="127" behavior="1" JumpDown="0" FailedTimeThershold="0" JumpDownValue="0" DecStepSize="-1" IncStepSize="1"/>
            <DebounceConfig: AlgoClass="3" PassedThershold="0" JumpUpValue="0" PassedTimeThershold="0" JumpUp="0" FailedThershold="0" behavior="1" JumpDown="0" FailedTimeThershold="0" JumpDownValue="0" DecStepSize="0" IncStepSize="0"/>
        </DebounceConfig>
        <DTCConfig>
            <DTCConfig: AvailableStatus="0" AgingOpCycleRef="4" ImmediateNvStorageAllowed="0" AgingAllowed="0" FailureCycleCounterThershold="255" DemCallbackInitMForE="((void *) 0)" EnableConditionRef="0" Id="0" StorageConditionRef="0" EventKind="0" DTCTableRef="0" OpCycleRef="4" AttrbsRef="0" DebounceTableRef="255" Value="ffffff" AgingThershold="255"/>
            <DTCConfig: AvailableStatus="1" AgingOpCycleRef="0" ImmediateNvStorageAllowed="1" AgingAllowed="1" FailureCycleCounterThershold="255" DemCallbackInitMForE="((void *) 0)" EnableConditionRef="0" Id="1" StorageConditionRef="0" EventKind="0" DTCTableRef="1" OpCycleRef="2" AttrbsRef="1" DebounceTableRef="255" Value="0" AgingThershold="40"/>
            <DTCConfig: AvailableStatus="1" AgingOpCycleRef="0" ImmediateNvStorageAllowed="1" AgingAllowed="1" FailureCycleCounterThershold="255" DemCallbackInitMForE="((void *) 0)" EnableConditionRef="0" Id="2" StorageConditionRef="0" EventKind="1" DTCTableRef="2" OpCycleRef="2" AttrbsRef="2" DebounceTableRef="255" Value="0" AgingThershold="40"/>
            <DTCConfig: AvailableStatus="1" AgingOpCycleRef="0" ImmediateNvStorageAllowed="1" AgingAllowed="1" FailureCycleCounterThershold="255" DemCallbackInitMForE="((void *) 0)" EnableConditionRef="0" Id="3" StorageConditionRef="0" EventKind="0" DTCTableRef="3" OpCycleRef="3" AttrbsRef="3" DebounceTableRef="0" Value="f00316" AgingThershold="40"/>
        </DTCConfig>
    </DemConfig>
</DiagConfigs>
