<DiagConfigs>
    <DcmConfig>
        <DcmGeneralConfig>
            <DcmGeneralConfig: DcmTesterResponseAddr="1"/>
            <DcmGeneralConfig: DcmTesterSourcePhyAddr="1"/>
            <DcmGeneralConfig: DcmTesterSourceFuncAddr="0"/>
            <DcmGeneralConfig: DcmDslBufferSize="4095"/>
        </DcmGeneralConfig>
        <DidConfig>
            <DidConfig: DataLen="a" Operation="3" Did="a1a1"/>
            <DidConfig: DataLen="11" Operation="3" Did="f190"/>
            <DidConfig: DataLen="f" Operation="1" Did="f193"/>
            <DidConfig: DataLen="4" Operation="1" Did="f195"/>
            <DidConfig: DataLen="c8" Operation="3" Did="f1b1"/>
            <DidConfig: DataLen="d" Operation="1" Did="f187"/>
            <DidConfig: DataLen="8" Operation="1" Did="f18a"/>
            <DidConfig: DataLen="14" Operation="1" Did="f18c"/>
            <DidConfig: DataLen="13" Operation="1" Did="f1a2"/>
            <DidConfig: DataLen="4" Operation="1" Did="f1b5"/>
            <DidConfig: DataLen="f" Operation="1" Did="f189"/>
            <DidConfig: DataLen="f" Operation="1" Did="f1c0"/>
            <DidConfig: DataLen="f" Operation="1" Did="f1c1"/>
        </DidConfig>
        <RidConfig>
            <RidConfig: Operation="f" RoutineType="6" Rid="202" RoutineControlOptionRecord="0"/>
            <RidConfig: Operation="f" RoutineType="6" Rid="203" RoutineControlOptionRecord="0"/>
            <RidConfig: Operation="f" RoutineType="6" Rid="ff01" RoutineControlOptionRecord="0"/>
            <RidConfig: Operation="f" RoutineType="6" Rid="f103" RoutineControlOptionRecord="0"/>
            <RidConfig: Operation="f" RoutineType="6" Rid="f104" RoutineControlOptionRecord="0"/>
            <RidConfig: Operation="f" RoutineType="6" Rid="f11e" RoutineControlOptionRecord="1"/>
        </RidConfig>
    </DcmConfig>
    <DemConfig>
        <OpCycleConfig>
            <OpCycleConfig: Id="0" Type="0" AutoStop="0" AutoStart="0"/>
            <OpCycleConfig: Id="1" Type="0" AutoStop="0" AutoStart="0"/>
            <OpCycleConfig: Id="2" Type="0" AutoStop="0" AutoStart="0"/>
            <OpCycleConfig: Id="3" Type="0" AutoStop="1" AutoStart="1"/>
        </OpCycleConfig>
        <DebounceConfig>
            <DebounceConfig: DecStepSize="0" JumpUp="0" behavior="1" PassedTimeThershold="100" FailedThershold="0" PassedThershold="0" AlgoClass="1" JumpDownValue="0" FailedTimeThershold="100" JumpDown="0" IncStepSize="0" JumpUpValue="0"/>
            <DebounceConfig: DecStepSize="-1" JumpUp="0" behavior="1" PassedTimeThershold="0" FailedThershold="127" PassedThershold="-128" AlgoClass="0" JumpDownValue="0" FailedTimeThershold="0" JumpDown="0" IncStepSize="1" JumpUpValue="0"/>
            <DebounceConfig: DecStepSize="0" JumpUp="0" behavior="1" PassedTimeThershold="0" FailedThershold="0" PassedThershold="0" AlgoClass="3" JumpDownValue="0" FailedTimeThershold="0" JumpDown="0" IncStepSize="0" JumpUpValue="0"/>
        </DebounceConfig>
        <DTCConfig>
            <DTCConfig: FailureCycleCounterThershold="255" AgingThershold="255" Id="0" AgingAllowed="0" ImmediateNvStorageAllowed="0" Value="ffffff" EnableConditionRef="0" EventKind="0" DebounceTableRef="255" OpCycleRef="4" DTCTableRef="0" StorageConditionRef="0" DemCallbackInitMForE="((void *) 0)" AvailableStatus="0" AgingOpCycleRef="4" AttrbsRef="0"/>
            <DTCConfig: FailureCycleCounterThershold="255" AgingThershold="40" Id="1" AgingAllowed="1" ImmediateNvStorageAllowed="1" Value="0" EnableConditionRef="0" EventKind="0" DebounceTableRef="255" OpCycleRef="2" DTCTableRef="1" StorageConditionRef="0" DemCallbackInitMForE="((void *) 0)" AvailableStatus="1" AgingOpCycleRef="0" AttrbsRef="1"/>
            <DTCConfig: FailureCycleCounterThershold="255" AgingThershold="40" Id="2" AgingAllowed="1" ImmediateNvStorageAllowed="1" Value="0" EnableConditionRef="0" EventKind="1" DebounceTableRef="255" OpCycleRef="2" DTCTableRef="2" StorageConditionRef="0" DemCallbackInitMForE="((void *) 0)" AvailableStatus="1" AgingOpCycleRef="0" AttrbsRef="2"/>
            <DTCConfig: FailureCycleCounterThershold="255" AgingThershold="40" Id="3" AgingAllowed="1" ImmediateNvStorageAllowed="1" Value="c14087" EnableConditionRef="0" EventKind="0" DebounceTableRef="1" OpCycleRef="3" DTCTableRef="3" StorageConditionRef="0" DemCallbackInitMForE="((void *) 0)" AvailableStatus="1" AgingOpCycleRef="0" AttrbsRef="3"/>
            <DTCConfig: FailureCycleCounterThershold="255" AgingThershold="40" Id="4" AgingAllowed="1" ImmediateNvStorageAllowed="1" Value="d10017" EnableConditionRef="0" EventKind="0" DebounceTableRef="0" OpCycleRef="3" DTCTableRef="4" StorageConditionRef="0" DemCallbackInitMForE="((void *) 0)" AvailableStatus="1" AgingOpCycleRef="3" AttrbsRef="4"/>
            <DTCConfig: FailureCycleCounterThershold="255" AgingThershold="40" Id="5" AgingAllowed="1" ImmediateNvStorageAllowed="1" Value="d10116" EnableConditionRef="0" EventKind="0" DebounceTableRef="0" OpCycleRef="3" DTCTableRef="5" StorageConditionRef="0" DemCallbackInitMForE="((void *) 0)" AvailableStatus="1" AgingOpCycleRef="3" AttrbsRef="5"/>
            <DTCConfig: FailureCycleCounterThershold="255" AgingThershold="40" Id="6" AgingAllowed="1" ImmediateNvStorageAllowed="1" Value="c07388" EnableConditionRef="0" EventKind="0" DebounceTableRef="0" OpCycleRef="3" DTCTableRef="6" StorageConditionRef="0" DemCallbackInitMForE="((void *) 0)" AvailableStatus="1" AgingOpCycleRef="3" AttrbsRef="6"/>
            <DTCConfig: FailureCycleCounterThershold="255" AgingThershold="40" Id="7" AgingAllowed="1" ImmediateNvStorageAllowed="1" Value="900a98" EnableConditionRef="0" EventKind="0" DebounceTableRef="0" OpCycleRef="3" DTCTableRef="7" StorageConditionRef="0" DemCallbackInitMForE="((void *) 0)" AvailableStatus="1" AgingOpCycleRef="3" AttrbsRef="7"/>
            <DTCConfig: FailureCycleCounterThershold="255" AgingThershold="40" Id="8" AgingAllowed="1" ImmediateNvStorageAllowed="1" Value="900a81" EnableConditionRef="0" EventKind="0" DebounceTableRef="0" OpCycleRef="3" DTCTableRef="8" StorageConditionRef="0" DemCallbackInitMForE="((void *) 0)" AvailableStatus="1" AgingOpCycleRef="3" AttrbsRef="8"/>
            <DTCConfig: FailureCycleCounterThershold="255" AgingThershold="40" Id="9" AgingAllowed="1" ImmediateNvStorageAllowed="1" Value="900a96" EnableConditionRef="0" EventKind="0" DebounceTableRef="0" OpCycleRef="3" DTCTableRef="9" StorageConditionRef="0" DemCallbackInitMForE="((void *) 0)" AvailableStatus="1" AgingOpCycleRef="3" AttrbsRef="9"/>
        </DTCConfig>
    </DemConfig>
    <NVMConfig>
        <NVMBlockConfig>
            <NVMBlockConfig: NvRamBlockIdentifier="0" NvBlockBaseNumber="0" NvRamDeviceId="0" Str_RamBlockDataAddress="NULL" Str_RomBlockDefaultData="0" Str_JobFinishedFunction="NULL" NvBlockLength="0" MaxNumReadRetries="0" Str_InitFun="NULL" Str_BlockName="NvMConf___MultiBlockRequest" SelectBlockForWriteAll="1" BlockUseSetRamBlockStatus="0" BlockJobPriority="1" WriteBlockOnce="0" MaxNumWriteRetries="0" SelectBlockForReadAll="1" BlockManagementType="0" CalcRamBlockCrc="0" Str_RomBlockDataAddress="NULL" BlockUseCrc="0" RomBlockNum="0" BlockCrcType="2" BlockWriteProt="0" BswMBlockStatusInformation="0" NvBlockNum="0"/>
            <NVMBlockConfig: NvRamBlockIdentifier="0" NvBlockBaseNumber="0" NvRamDeviceId="0" Str_RamBlockDataAddress="NvMConfigBlock_RamBlock_au8" Str_RomBlockDefaultData="0" Str_JobFinishedFunction="NULL" NvBlockLength="32" MaxNumReadRetries="0" Str_InitFun="NULL" Str_BlockName="NvMConf_NvMBlockDescriptor_NvMConfigBlock" SelectBlockForWriteAll="1" BlockUseSetRamBlockStatus="0" BlockJobPriority="1" WriteBlockOnce="0" MaxNumWriteRetries="0" SelectBlockForReadAll="1" BlockManagementType="0" CalcRamBlockCrc="0" Str_RomBlockDataAddress="NULL" BlockUseCrc="0" RomBlockNum="0" BlockCrcType="2" BlockWriteProt="0" BswMBlockStatusInformation="0" NvBlockNum="0"/>
            <NVMBlockConfig: NvRamBlockIdentifier="0" NvBlockBaseNumber="2" NvRamDeviceId="0" Str_RamBlockDataAddress="NvmRamData_OpCycle" Str_RomBlockDefaultData="0" Str_JobFinishedFunction="Dem_NvM_JobFinished" NvBlockLength="9" MaxNumReadRetries="0" Str_InitFun="NULL" Str_BlockName="DemCfg_NvMBlockDescriptor_OpCycle" SelectBlockForWriteAll="1" BlockUseSetRamBlockStatus="0" BlockJobPriority="1" WriteBlockOnce="0" MaxNumWriteRetries="0" SelectBlockForReadAll="1" BlockManagementType="0" CalcRamBlockCrc="0" Str_RomBlockDataAddress="DemCfg_DefaultData_OpCycle" BlockUseCrc="0" RomBlockNum="0" BlockCrcType="2" BlockWriteProt="0" BswMBlockStatusInformation="0" NvBlockNum="0"/>
            <NVMBlockConfig: NvRamBlockIdentifier="0" NvBlockBaseNumber="3" NvRamDeviceId="0" Str_RamBlockDataAddress="Dem_Cfg_AdminData" Str_RomBlockDefaultData="0" Str_JobFinishedFunction="Dem_NvM_JobFinished" NvBlockLength="20" MaxNumReadRetries="0" Str_InitFun="NULL" Str_BlockName="DemCfg_NvMBlockDescriptor_DemAdmin" SelectBlockForWriteAll="1" BlockUseSetRamBlockStatus="0" BlockJobPriority="1" WriteBlockOnce="0" MaxNumWriteRetries="0" SelectBlockForReadAll="1" BlockManagementType="0" CalcRamBlockCrc="0" Str_RomBlockDataAddress="DemCfg_DefaultData_AdminData" BlockUseCrc="0" RomBlockNum="0" BlockCrcType="2" BlockWriteProt="0" BswMBlockStatusInformation="0" NvBlockNum="0"/>
            <NVMBlockConfig: NvRamBlockIdentifier="0" NvBlockBaseNumber="4" NvRamDeviceId="0" Str_RamBlockDataAddress="Dem_Cfg_StatusData" Str_RomBlockDefaultData="0" Str_JobFinishedFunction="Dem_NvM_JobFinished" NvBlockLength="9" MaxNumReadRetries="0" Str_InitFun="NULL" Str_BlockName="DemCfg_NvMBlockDescriptor_DemStatus" SelectBlockForWriteAll="1" BlockUseSetRamBlockStatus="0" BlockJobPriority="1" WriteBlockOnce="0" MaxNumWriteRetries="0" SelectBlockForReadAll="1" BlockManagementType="0" CalcRamBlockCrc="0" Str_RomBlockDataAddress="DemCfg_DefaultData_StatusData" BlockUseCrc="0" RomBlockNum="0" BlockCrcType="2" BlockWriteProt="0" BswMBlockStatusInformation="0" NvBlockNum="0"/>
            <NVMBlockConfig: NvRamBlockIdentifier="0" NvBlockBaseNumber="5" NvRamDeviceId="0" Str_RamBlockDataAddress="NvmRamData_VIN" Str_RomBlockDefaultData="0x4C, 0x58, 0x57, 0x59, 0x45, 0x50, 0x47, 0x32, 0x38, 0x4A, 0x48, 0x30, 0x30, 0x31, 0x37, 0x35, 0x32" Str_JobFinishedFunction="Rte_Call_VIN_JobFinished" NvBlockLength="17" MaxNumReadRetries="0" Str_InitFun="NULL" Str_BlockName="NvMConf_NvMBlockDescriptor_VIN" SelectBlockForWriteAll="1" BlockUseSetRamBlockStatus="0" BlockJobPriority="1" WriteBlockOnce="0" MaxNumWriteRetries="0" SelectBlockForReadAll="1" BlockManagementType="0" CalcRamBlockCrc="0" Str_RomBlockDataAddress="NvmRomData_VIN" BlockUseCrc="0" RomBlockNum="0" BlockCrcType="2" BlockWriteProt="0" BswMBlockStatusInformation="0" NvBlockNum="0"/>
            <NVMBlockConfig: NvRamBlockIdentifier="0" NvBlockBaseNumber="6" NvRamDeviceId="0" Str_RamBlockDataAddress="NvmRamData_EcuConfig" Str_RomBlockDefaultData="0xFF, 0xFF, 0xFF, 0xFF, 0xFF, 0xFF, 0xFF, 0xFF, 0xFF, 0xFF, 0xFF, 0xFF, 0xFF, 0xFF, 0xFF, 0xFF, 0xFF, 0xFF, 0xFF, 0xFF,0xFF, 0xFF, 0xFF, 0xFF, 0xFF, 0xFF, 0xFF, 0xFF, 0xFF, 0xFF, 0xFF, 0xFF, 0xFF, 0xFF, 0xFF, 0xFF, 0xFF, 0xFF, 0xFF, 0xFF,0xFF, 0xFF, 0xFF, 0xFF, 0xFF, 0xFF, 0xFF, 0xFF, 0xFF, 0xFF, 0xFF, 0xFF, 0xFF, 0xFF, 0xFF, 0xFF, 0xFF, 0xFF, 0xFF, 0xFF,0xFF, 0xFF, 0xFF, 0xFF, 0xFF, 0xFF, 0xFF, 0xFF, 0xFF, 0xFF, 0xFF, 0xFF, 0xFF, 0xFF, 0xFF, 0xFF, 0xFF, 0xFF, 0xFF, 0xFF,0xFF, 0xFF, 0xFF, 0xFF, 0xFF, 0xFF, 0xFF, 0xFF, 0xFF, 0xFF, 0xFF, 0xFF, 0xFF, 0xFF, 0xFF, 0xFF, 0xFF, 0xFF, 0xFF, 0xFF,0xFF, 0xFF, 0xFF, 0xFF, 0xFF, 0xFF, 0xFF, 0xFF, 0xFF, 0xFF, 0xFF, 0xFF, 0xFF, 0xFF, 0xFF, 0xFF, 0xFF, 0xFF, 0xFF, 0xFF,0xFF, 0xFF, 0xFF, 0xFF, 0xFF, 0xFF, 0xFF, 0xFF, 0xFF, 0xFF, 0xFF, 0xFF, 0xFF, 0xFF, 0xFF, 0xFF, 0xFF, 0xFF, 0xFF, 0xFF,0xFF, 0xFF, 0xFF, 0xFF, 0xFF, 0xFF, 0xFF, 0xFF, 0xFF, 0xFF, 0xFF, 0xFF, 0xFF, 0xFF, 0xFF, 0xFF, 0xFF, 0xFF, 0xFF, 0xFF,0xFF, 0xFF, 0xFF, 0xFF, 0xFF, 0xFF, 0xFF, 0xFF, 0xFF, 0xFF, 0xFF, 0xFF, 0xFF, 0xFF, 0xFF, 0xFF, 0xFF, 0xFF, 0xFF, 0xFF,0xFF, 0xFF, 0xFF, 0xFF, 0xFF, 0xFF, 0xFF, 0xFF, 0xFF, 0xFF, 0xFF, 0xFF, 0xFF, 0xFF, 0xFF, 0xFF, 0xFF, 0xFF, 0xFF, 0xFF" Str_JobFinishedFunction="Rte_Call_EcuConfig_JobFinished" NvBlockLength="200" MaxNumReadRetries="0" Str_InitFun="NULL" Str_BlockName="NvMConf_NvMBlockDescriptor_EcuConfig" SelectBlockForWriteAll="1" BlockUseSetRamBlockStatus="0" BlockJobPriority="1" WriteBlockOnce="0" MaxNumWriteRetries="0" SelectBlockForReadAll="1" BlockManagementType="0" CalcRamBlockCrc="0" Str_RomBlockDataAddress="NvmRomData_EcuConfig" BlockUseCrc="0" RomBlockNum="0" BlockCrcType="2" BlockWriteProt="0" BswMBlockStatusInformation="0" NvBlockNum="0"/>
            <NVMBlockConfig: NvRamBlockIdentifier="0" NvBlockBaseNumber="7" NvRamDeviceId="0" Str_RamBlockDataAddress="NvmRamData_EIDCConfig" Str_RomBlockDefaultData="0,1,0,2,0,0,0,0" Str_JobFinishedFunction="Rte_Call_EIDCConfig_JobFinished" NvBlockLength="8" MaxNumReadRetries="0" Str_InitFun="NULL" Str_BlockName="NvMConf_NvMBlockDescriptor_EIDCConfig" SelectBlockForWriteAll="1" BlockUseSetRamBlockStatus="0" BlockJobPriority="1" WriteBlockOnce="0" MaxNumWriteRetries="0" SelectBlockForReadAll="1" BlockManagementType="0" CalcRamBlockCrc="0" Str_RomBlockDataAddress="NvmRomData_EIDCConfig" BlockUseCrc="0" RomBlockNum="0" BlockCrcType="2" BlockWriteProt="0" BswMBlockStatusInformation="0" NvBlockNum="0"/>
            <NVMBlockConfig: NvRamBlockIdentifier="0" NvBlockBaseNumber="8" NvRamDeviceId="0" Str_RamBlockDataAddress="Dem_PrimaryEntry_000" Str_RomBlockDefaultData="0" Str_JobFinishedFunction="Dem_NvM_JobFinished" NvBlockLength="24" MaxNumReadRetries="0" Str_InitFun="NULL" Str_BlockName="DemCfg_NvMBlockDescriptor_DemPrimary_000" SelectBlockForWriteAll="1" BlockUseSetRamBlockStatus="0" BlockJobPriority="1" WriteBlockOnce="0" MaxNumWriteRetries="0" SelectBlockForReadAll="1" BlockManagementType="0" CalcRamBlockCrc="0" Str_RomBlockDataAddress="Dem_MemoryEntryInit" BlockUseCrc="0" RomBlockNum="0" BlockCrcType="2" BlockWriteProt="0" BswMBlockStatusInformation="0" NvBlockNum="0"/>
            <NVMBlockConfig: NvRamBlockIdentifier="0" NvBlockBaseNumber="9" NvRamDeviceId="0" Str_RamBlockDataAddress="Dem_PrimaryEntry_001" Str_RomBlockDefaultData="0" Str_JobFinishedFunction="Dem_NvM_JobFinished" NvBlockLength="24" MaxNumReadRetries="0" Str_InitFun="NULL" Str_BlockName="DemCfg_NvMBlockDescriptor_DemPrimary_001" SelectBlockForWriteAll="1" BlockUseSetRamBlockStatus="0" BlockJobPriority="1" WriteBlockOnce="0" MaxNumWriteRetries="0" SelectBlockForReadAll="1" BlockManagementType="0" CalcRamBlockCrc="0" Str_RomBlockDataAddress="Dem_MemoryEntryInit" BlockUseCrc="0" RomBlockNum="0" BlockCrcType="2" BlockWriteProt="0" BswMBlockStatusInformation="0" NvBlockNum="0"/>
            <NVMBlockConfig: NvRamBlockIdentifier="0" NvBlockBaseNumber="10" NvRamDeviceId="0" Str_RamBlockDataAddress="Dem_PrimaryEntry_002" Str_RomBlockDefaultData="0" Str_JobFinishedFunction="Dem_NvM_JobFinished" NvBlockLength="24" MaxNumReadRetries="0" Str_InitFun="NULL" Str_BlockName="DemCfg_NvMBlockDescriptor_DemPrimary_002" SelectBlockForWriteAll="1" BlockUseSetRamBlockStatus="0" BlockJobPriority="1" WriteBlockOnce="0" MaxNumWriteRetries="0" SelectBlockForReadAll="1" BlockManagementType="0" CalcRamBlockCrc="0" Str_RomBlockDataAddress="Dem_MemoryEntryInit" BlockUseCrc="0" RomBlockNum="0" BlockCrcType="2" BlockWriteProt="0" BswMBlockStatusInformation="0" NvBlockNum="0"/>
            <NVMBlockConfig: NvRamBlockIdentifier="0" NvBlockBaseNumber="11" NvRamDeviceId="0" Str_RamBlockDataAddress="Dem_PrimaryEntry_003" Str_RomBlockDefaultData="0" Str_JobFinishedFunction="Dem_NvM_JobFinished" NvBlockLength="24" MaxNumReadRetries="0" Str_InitFun="NULL" Str_BlockName="DemCfg_NvMBlockDescriptor_DemPrimary_003" SelectBlockForWriteAll="1" BlockUseSetRamBlockStatus="0" BlockJobPriority="1" WriteBlockOnce="0" MaxNumWriteRetries="0" SelectBlockForReadAll="1" BlockManagementType="0" CalcRamBlockCrc="0" Str_RomBlockDataAddress="Dem_MemoryEntryInit" BlockUseCrc="0" RomBlockNum="0" BlockCrcType="2" BlockWriteProt="0" BswMBlockStatusInformation="0" NvBlockNum="0"/>
            <NVMBlockConfig: NvRamBlockIdentifier="0" NvBlockBaseNumber="12" NvRamDeviceId="0" Str_RamBlockDataAddress="Dem_PrimaryEntry_004" Str_RomBlockDefaultData="0" Str_JobFinishedFunction="Dem_NvM_JobFinished" NvBlockLength="24" MaxNumReadRetries="0" Str_InitFun="NULL" Str_BlockName="DemCfg_NvMBlockDescriptor_DemPrimary_004" SelectBlockForWriteAll="1" BlockUseSetRamBlockStatus="0" BlockJobPriority="1" WriteBlockOnce="0" MaxNumWriteRetries="0" SelectBlockForReadAll="1" BlockManagementType="0" CalcRamBlockCrc="0" Str_RomBlockDataAddress="Dem_MemoryEntryInit" BlockUseCrc="0" RomBlockNum="0" BlockCrcType="2" BlockWriteProt="0" BswMBlockStatusInformation="0" NvBlockNum="0"/>
            <NVMBlockConfig: NvRamBlockIdentifier="0" NvBlockBaseNumber="13" NvRamDeviceId="0" Str_RamBlockDataAddress="Dem_PrimaryEntry_005" Str_RomBlockDefaultData="0" Str_JobFinishedFunction="Dem_NvM_JobFinished" NvBlockLength="24" MaxNumReadRetries="0" Str_InitFun="NULL" Str_BlockName="DemCfg_NvMBlockDescriptor_DemPrimary_005" SelectBlockForWriteAll="1" BlockUseSetRamBlockStatus="0" BlockJobPriority="1" WriteBlockOnce="0" MaxNumWriteRetries="0" SelectBlockForReadAll="1" BlockManagementType="0" CalcRamBlockCrc="0" Str_RomBlockDataAddress="Dem_MemoryEntryInit" BlockUseCrc="0" RomBlockNum="0" BlockCrcType="2" BlockWriteProt="0" BswMBlockStatusInformation="0" NvBlockNum="0"/>
            <NVMBlockConfig: NvRamBlockIdentifier="0" NvBlockBaseNumber="14" NvRamDeviceId="0" Str_RamBlockDataAddress="Dem_PrimaryEntry_006" Str_RomBlockDefaultData="0" Str_JobFinishedFunction="Dem_NvM_JobFinished" NvBlockLength="24" MaxNumReadRetries="0" Str_InitFun="NULL" Str_BlockName="DemCfg_NvMBlockDescriptor_DemPrimary_006" SelectBlockForWriteAll="1" BlockUseSetRamBlockStatus="0" BlockJobPriority="1" WriteBlockOnce="0" MaxNumWriteRetries="0" SelectBlockForReadAll="1" BlockManagementType="0" CalcRamBlockCrc="0" Str_RomBlockDataAddress="Dem_MemoryEntryInit" BlockUseCrc="0" RomBlockNum="0" BlockCrcType="2" BlockWriteProt="0" BswMBlockStatusInformation="0" NvBlockNum="0"/>
        </NVMBlockConfig>
        <FEEBlockConfig>
            <FEEBlockConfig: FEE_NUM_PARTITIONS="1"/>
            <FEEBlockConfig: FEE_MAX_LENGTH="216"/>
            <FEEBlockConfig: FEE_SECTOR_SIZE="2048"/>
            <FEEBlockConfig: FEE_SECTOR_HEADER_SIZE="8"/>
            <FEEBlockConfig: FEE_SECTOR_FOOTER_SIZE="8"/>
            <FEEBlockConfig: FEE_HEADER_SIZE="8"/>
        </FEEBlockConfig>
    </NVMConfig>
</DiagConfigs>
